{
  "blockinfer": {
    "total_time": 7.899277687072754,
    "total_tokens": 128,
    "throughput": 16.204013211166544,
    "avg_latency": 7.899277687072754,
    "num_prompts": 1,
    "accuracy": 100.0,
    "correct": 1,
    "total": 1
  },
  "vanilla_llada": {
    "total_time": 8.660218477249146,
    "total_tokens": 128,
    "throughput": 14.78022758158617,
    "avg_latency": 8.660218477249146,
    "num_prompts": 1,
    "accuracy": 0.0,
    "correct": 0,
    "total": 1
  },
  "comparison": {
    "throughput_speedup": 1.096330426694795,
    "time_speedup": 1.096330426694795,
    "accuracy_diff": 100.0
  }
}