{
  "blockinfer": {
    "total_time": 7.070596933364868,
    "total_tokens": 128,
    "throughput": 18.103139127616107,
    "avg_latency": 7.070596933364868,
    "num_prompts": 1,
    "accuracy": 0.0,
    "correct": 0,
    "total": 1
  },
  "vanilla_llada": {
    "total_time": 8.294947147369385,
    "total_tokens": 128,
    "throughput": 15.431080840652884,
    "avg_latency": 8.294947147369385,
    "num_prompts": 1,
    "accuracy": 0.0,
    "correct": 0,
    "total": 1
  },
  "comparison": {
    "throughput_speedup": 1.1731607989457056,
    "time_speedup": 1.1731607989457056,
    "accuracy_diff": 0.0
  }
}