{
  "blockinfer": {
    "total_time": 8.026186227798462,
    "total_tokens": 128,
    "throughput": 15.947798414728496,
    "avg_latency": 8.026186227798462,
    "num_prompts": 1,
    "accuracy": 0.0,
    "correct": 0,
    "total": 1
  },
  "vanilla_llada": {
    "total_time": 8.808192014694214,
    "total_tokens": 128,
    "throughput": 14.531926618591507,
    "avg_latency": 8.808192014694214,
    "num_prompts": 1,
    "accuracy": 0.0,
    "correct": 0,
    "total": 1
  },
  "comparison": {
    "throughput_speedup": 1.0974318019419107,
    "time_speedup": 1.0974318019419107,
    "accuracy_diff": 0.0
  }
}