{
  "blockinfer": {
    "total_time": 7.057457447052002,
    "total_tokens": 128,
    "throughput": 18.13684332641175,
    "avg_latency": 7.057457447052002,
    "num_prompts": 1,
    "accuracy": 0.0,
    "correct": 0,
    "total": 1
  },
  "vanilla_llada": {
    "total_time": 8.282325267791748,
    "total_tokens": 128,
    "throughput": 15.454597092167528,
    "avg_latency": 8.282325267791748,
    "num_prompts": 1,
    "accuracy": 0.0,
    "correct": 0,
    "total": 1
  },
  "comparison": {
    "throughput_speedup": 1.1735565293775014,
    "time_speedup": 1.1735565293775012,
    "accuracy_diff": 0.0
  }
}