{
  "blockinfer": {
    "total_time": 7.667163848876953,
    "total_tokens": 128,
    "throughput": 16.694569533524287,
    "avg_latency": 7.667163848876953,
    "num_prompts": 1,
    "accuracy": 0.0,
    "correct": 0,
    "total": 1
  },
  "vanilla_llada": {
    "total_time": 8.600200414657593,
    "total_tokens": 128,
    "throughput": 14.883374087637023,
    "avg_latency": 8.600200414657593,
    "num_prompts": 1,
    "accuracy": 100.0,
    "correct": 1,
    "total": 1
  },
  "comparison": {
    "throughput_speedup": 1.121692529880825,
    "time_speedup": 1.121692529880825,
    "accuracy_diff": -100.0
  }
}