{
  "blockinfer": {
    "total_time": 6.083064794540405,
    "total_tokens": 128,
    "throughput": 21.042024756152678,
    "avg_latency": 6.083064794540405,
    "num_prompts": 1,
    "accuracy": 0.0,
    "correct": 0,
    "total": 1
  },
  "vanilla_llada": {
    "total_time": 6.170940160751343,
    "total_tokens": 128,
    "throughput": 20.742382305715854,
    "avg_latency": 6.170940160751343,
    "num_prompts": 1,
    "accuracy": 0.0,
    "correct": 0,
    "total": 1
  },
  "comparison": {
    "throughput_speedup": 1.0144459033692699,
    "time_speedup": 1.0144459033692697,
    "accuracy_diff": 0.0
  }
}