{
  "blockinfer": {
    "total_time": 7.679359436035156,
    "total_tokens": 128,
    "throughput": 16.668056895392077,
    "avg_latency": 7.679359436035156,
    "num_prompts": 1,
    "accuracy": 0.0,
    "correct": 0,
    "total": 1
  },
  "vanilla_llada": {
    "total_time": 8.57498550415039,
    "total_tokens": 128,
    "throughput": 14.927138936625203,
    "avg_latency": 8.57498550415039,
    "num_prompts": 1,
    "accuracy": 0.0,
    "correct": 0,
    "total": 1
  },
  "comparison": {
    "throughput_speedup": 1.1166277051589142,
    "time_speedup": 1.1166277051589142,
    "accuracy_diff": 0.0
  }
}