{
  "blockinfer": {
    "total_time": 6.065702676773071,
    "total_tokens": 128,
    "throughput": 21.1022542351343,
    "avg_latency": 6.065702676773071,
    "num_prompts": 1,
    "accuracy": 0.0,
    "correct": 0,
    "total": 1
  },
  "vanilla_llada": {
    "total_time": 6.224491596221924,
    "total_tokens": 128,
    "throughput": 20.563928478543065,
    "avg_latency": 6.224491596221924,
    "num_prompts": 1,
    "accuracy": 100.0,
    "correct": 1,
    "total": 1
  },
  "comparison": {
    "throughput_speedup": 1.0261781574057183,
    "time_speedup": 1.0261781574057183,
    "accuracy_diff": -100.0
  }
}