{
  "blockinfer": {
    "total_time": 12.268940210342407,
    "total_tokens": 128,
    "throughput": 10.432848950726749,
    "avg_latency": 12.268940210342407,
    "num_prompts": 1,
    "accuracy": 100.0,
    "correct": 1,
    "total": 1
  },
  "vanilla_llada": {
    "total_time": 12.757344484329224,
    "total_tokens": 128,
    "throughput": 10.033436045975849,
    "avg_latency": 12.757344484329224,
    "num_prompts": 1,
    "accuracy": 100.0,
    "correct": 1,
    "total": 1
  },
  "comparison": {
    "throughput_speedup": 1.0398081876358891,
    "time_speedup": 1.0398081876358891,
    "accuracy_diff": 0.0
  }
}