{
  "blockinfer": {
    "total_time": 6.062380790710449,
    "total_tokens": 128,
    "throughput": 21.113817231035352,
    "avg_latency": 6.062380790710449,
    "num_prompts": 1,
    "accuracy": 0.0,
    "correct": 0,
    "total": 1
  },
  "vanilla_llada": {
    "total_time": 6.158623933792114,
    "total_tokens": 128,
    "throughput": 20.78386363188525,
    "avg_latency": 6.158623933792114,
    "num_prompts": 1,
    "accuracy": 0.0,
    "correct": 0,
    "total": 1
  },
  "comparison": {
    "throughput_speedup": 1.0158754697872396,
    "time_speedup": 1.0158754697872396,
    "accuracy_diff": 0.0
  }
}