{
  "blockinfer": {
    "total_time": 6.089439153671265,
    "total_tokens": 128,
    "throughput": 21.019998191923804,
    "avg_latency": 6.089439153671265,
    "num_prompts": 1,
    "accuracy": 0.0,
    "correct": 0,
    "total": 1
  },
  "vanilla_llada": {
    "total_time": 6.191091060638428,
    "total_tokens": 128,
    "throughput": 20.674869541783252,
    "avg_latency": 6.191091060638428,
    "num_prompts": 1,
    "accuracy": 0.0,
    "correct": 0,
    "total": 1
  },
  "comparison": {
    "throughput_speedup": 1.01669314766137,
    "time_speedup": 1.01669314766137,
    "accuracy_diff": 0.0
  }
}