{
  "blockinfer": {
    "total_time": 6.770673751831055,
    "total_tokens": 128,
    "throughput": 18.905060957247247,
    "avg_latency": 6.770673751831055,
    "num_prompts": 1,
    "accuracy": 100.0,
    "correct": 1,
    "total": 1
  },
  "vanilla_llada": {
    "total_time": 8.108875513076782,
    "total_tokens": 128,
    "throughput": 15.785172653542496,
    "avg_latency": 8.108875513076782,
    "num_prompts": 1,
    "accuracy": 100.0,
    "correct": 1,
    "total": 1
  },
  "comparison": {
    "throughput_speedup": 1.1976467646050477,
    "time_speedup": 1.1976467646050477,
    "accuracy_diff": 0.0
  }
}