{
  "blockinfer": {
    "total_time": 6.048773288726807,
    "total_tokens": 128,
    "throughput": 21.161315508147016,
    "avg_latency": 6.048773288726807,
    "num_prompts": 1,
    "accuracy": 0.0,
    "correct": 0,
    "total": 1
  },
  "vanilla_llada": {
    "total_time": 6.165883302688599,
    "total_tokens": 128,
    "throughput": 20.759393864004256,
    "avg_latency": 6.165883302688599,
    "num_prompts": 1,
    "accuracy": 0.0,
    "correct": 0,
    "total": 1
  },
  "comparison": {
    "throughput_speedup": 1.0193609527703829,
    "time_speedup": 1.0193609527703826,
    "accuracy_diff": 0.0
  }
}