{
  "blockinfer": {
    "total_time": 6.089074611663818,
    "total_tokens": 128,
    "throughput": 21.0212566216239,
    "avg_latency": 6.089074611663818,
    "num_prompts": 1,
    "accuracy": 0.0,
    "correct": 0,
    "total": 1
  },
  "vanilla_llada": {
    "total_time": 6.2430901527404785,
    "total_tokens": 128,
    "throughput": 20.502667247855275,
    "avg_latency": 6.2430901527404785,
    "num_prompts": 1,
    "accuracy": 0.0,
    "correct": 0,
    "total": 1
  },
  "comparison": {
    "throughput_speedup": 1.0252937516616465,
    "time_speedup": 1.0252937516616463,
    "accuracy_diff": 0.0
  }
}