{
  "blockinfer": {
    "total_time": 6.285554647445679,
    "total_tokens": 128,
    "throughput": 20.3641535519887,
    "avg_latency": 6.285554647445679,
    "num_prompts": 1,
    "accuracy": 0.0,
    "correct": 0,
    "total": 1
  },
  "vanilla_llada": {
    "total_time": 6.106128454208374,
    "total_tokens": 128,
    "throughput": 20.962546228745282,
    "avg_latency": 6.106128454208374,
    "num_prompts": 1,
    "accuracy": 0.0,
    "correct": 0,
    "total": 1
  },
  "comparison": {
    "throughput_speedup": 0.9714541988255213,
    "time_speedup": 0.9714541988255213,
    "accuracy_diff": 0.0
  }
}