{
  "blockinfer": {
    "total_time": 7.657619953155518,
    "total_tokens": 128,
    "throughput": 16.715376420222363,
    "avg_latency": 7.657619953155518,
    "num_prompts": 1,
    "accuracy": 100.0,
    "correct": 1,
    "total": 1
  },
  "vanilla_llada": {
    "total_time": 8.57374882698059,
    "total_tokens": 128,
    "throughput": 14.929292026516904,
    "avg_latency": 8.57374882698059,
    "num_prompts": 1,
    "accuracy": 100.0,
    "correct": 1,
    "total": 1
  },
  "comparison": {
    "throughput_speedup": 1.1196362419954728,
    "time_speedup": 1.1196362419954726,
    "accuracy_diff": 0.0
  }
}