{
  "blockinfer": {
    "total_time": 6.047648668289185,
    "total_tokens": 128,
    "throughput": 21.165250665298625,
    "avg_latency": 6.047648668289185,
    "num_prompts": 1,
    "accuracy": 0.0,
    "correct": 0,
    "total": 1
  },
  "vanilla_llada": {
    "total_time": 6.203890800476074,
    "total_tokens": 128,
    "throughput": 20.632213576386214,
    "avg_latency": 6.203890800476074,
    "num_prompts": 1,
    "accuracy": 0.0,
    "correct": 0,
    "total": 1
  },
  "comparison": {
    "throughput_speedup": 1.0258351866579396,
    "time_speedup": 1.0258351866579394,
    "accuracy_diff": 0.0
  }
}