{
  "blockinfer": {
    "total_time": 7.70817494392395,
    "total_tokens": 128,
    "throughput": 16.60574661721934,
    "avg_latency": 7.70817494392395,
    "num_prompts": 1,
    "accuracy": 0.0,
    "correct": 0,
    "total": 1
  },
  "vanilla_llada": {
    "total_time": 8.637078762054443,
    "total_tokens": 128,
    "throughput": 14.819825490343625,
    "avg_latency": 8.637078762054443,
    "num_prompts": 1,
    "accuracy": 0.0,
    "correct": 0,
    "total": 1
  },
  "comparison": {
    "throughput_speedup": 1.1205089174659575,
    "time_speedup": 1.1205089174659575,
    "accuracy_diff": 0.0
  }
}