{
  "blockinfer": {
    "total_time": 6.050556659698486,
    "total_tokens": 128,
    "throughput": 21.155078317435102,
    "avg_latency": 6.050556659698486,
    "num_prompts": 1,
    "accuracy": 0.0,
    "correct": 0,
    "total": 1
  },
  "vanilla_llada": {
    "total_time": 6.256253719329834,
    "total_tokens": 128,
    "throughput": 20.45952829638618,
    "avg_latency": 6.256253719329834,
    "num_prompts": 1,
    "accuracy": 0.0,
    "correct": 0,
    "total": 1
  },
  "comparison": {
    "throughput_speedup": 1.0339963859856818,
    "time_speedup": 1.0339963859856818,
    "accuracy_diff": 0.0
  }
}