{
  "blockinfer": {
    "total_time": 7.077330589294434,
    "total_tokens": 128,
    "throughput": 18.085915075610565,
    "avg_latency": 7.077330589294434,
    "num_prompts": 1,
    "accuracy": 0.0,
    "correct": 0,
    "total": 1
  },
  "vanilla_llada": {
    "total_time": 8.299895763397217,
    "total_tokens": 128,
    "throughput": 15.421880424629396,
    "avg_latency": 8.299895763397217,
    "num_prompts": 1,
    "accuracy": 0.0,
    "correct": 0,
    "total": 1
  },
  "comparison": {
    "throughput_speedup": 1.1727438274470467,
    "time_speedup": 1.1727438274470467,
    "accuracy_diff": 0.0
  }
}