{
  "blockinfer": {
    "total_time": 6.2653844356536865,
    "total_tokens": 128,
    "throughput": 20.429712065488822,
    "avg_latency": 6.2653844356536865,
    "num_prompts": 1,
    "accuracy": 0.0,
    "correct": 0,
    "total": 1
  },
  "vanilla_llada": {
    "total_time": 6.127522230148315,
    "total_tokens": 128,
    "throughput": 20.889357099386938,
    "avg_latency": 6.127522230148315,
    "num_prompts": 1,
    "accuracy": 0.0,
    "correct": 0,
    "total": 1
  },
  "comparison": {
    "throughput_speedup": 0.9779962096625938,
    "time_speedup": 0.9779962096625939,
    "accuracy_diff": 0.0
  }
}