{
  "blockinfer": {
    "total_time": 7.835529327392578,
    "total_tokens": 128,
    "throughput": 16.335845946299898,
    "avg_latency": 7.835529327392578,
    "num_prompts": 1,
    "accuracy": 0.0,
    "correct": 0,
    "total": 1
  },
  "vanilla_llada": {
    "total_time": 8.519801378250122,
    "total_tokens": 128,
    "throughput": 15.023824419987811,
    "avg_latency": 8.519801378250122,
    "num_prompts": 1,
    "accuracy": 100.0,
    "correct": 1,
    "total": 1
  },
  "comparison": {
    "throughput_speedup": 1.087329396938809,
    "time_speedup": 1.0873293969388087,
    "accuracy_diff": -100.0
  }
}