{
  "blockinfer": {
    "total_time": 8.708520412445068,
    "total_tokens": 128,
    "throughput": 14.698248834219793,
    "avg_latency": 8.708520412445068,
    "num_prompts": 1,
    "accuracy": 0.0,
    "correct": 0,
    "total": 1
  },
  "vanilla_llada": {
    "total_time": 10.029323816299438,
    "total_tokens": 128,
    "throughput": 12.762575258760435,
    "avg_latency": 10.029323816299438,
    "num_prompts": 1,
    "accuracy": 0.0,
    "correct": 0,
    "total": 1
  },
  "comparison": {
    "throughput_speedup": 1.1516679460229378,
    "time_speedup": 1.1516679460229378,
    "accuracy_diff": 0.0
  }
}