{
  "blockinfer": {
    "total_time": 6.284632444381714,
    "total_tokens": 128,
    "throughput": 20.367141775240718,
    "avg_latency": 6.284632444381714,
    "num_prompts": 1,
    "accuracy": 100.0,
    "correct": 1,
    "total": 1
  },
  "vanilla_llada": {
    "total_time": 6.9383533000946045,
    "total_tokens": 128,
    "throughput": 18.44818135713192,
    "avg_latency": 6.9383533000946045,
    "num_prompts": 1,
    "accuracy": 0.0,
    "correct": 0,
    "total": 1
  },
  "comparison": {
    "throughput_speedup": 1.1040189480448133,
    "time_speedup": 1.1040189480448135,
    "accuracy_diff": 100.0
  }
}