{
  "blockinfer": {
    "total_time": 8.017189502716064,
    "total_tokens": 128,
    "throughput": 15.965694705936057,
    "avg_latency": 8.017189502716064,
    "num_prompts": 1,
    "accuracy": 100.0,
    "correct": 1,
    "total": 1
  },
  "vanilla_llada": {
    "total_time": 8.776810646057129,
    "total_tokens": 128,
    "throughput": 14.583885327126476,
    "avg_latency": 8.776810646057129,
    "num_prompts": 1,
    "accuracy": 100.0,
    "correct": 1,
    "total": 1
  },
  "comparison": {
    "throughput_speedup": 1.0947490567715432,
    "time_speedup": 1.0947490567715432,
    "accuracy_diff": 0.0
  }
}