{
  "blockinfer": {
    "total_time": 6.942534923553467,
    "total_tokens": 128,
    "throughput": 18.43706965963442,
    "avg_latency": 6.942534923553467,
    "num_prompts": 1,
    "accuracy": 0.0,
    "correct": 0,
    "total": 1
  },
  "vanilla_llada": {
    "total_time": 8.060601711273193,
    "total_tokens": 128,
    "throughput": 15.879707816475412,
    "avg_latency": 8.060601711273193,
    "num_prompts": 1,
    "accuracy": 0.0,
    "correct": 0,
    "total": 1
  },
  "comparison": {
    "throughput_speedup": 1.1610459003852522,
    "time_speedup": 1.1610459003852522,
    "accuracy_diff": 0.0
  }
}