{
  "blockinfer": {
    "total_time": 6.0551042556762695,
    "total_tokens": 128,
    "throughput": 21.139190110559742,
    "avg_latency": 6.0551042556762695,
    "num_prompts": 1,
    "accuracy": 0.0,
    "correct": 0,
    "total": 1
  },
  "vanilla_llada": {
    "total_time": 6.230457067489624,
    "total_tokens": 128,
    "throughput": 20.544239148665504,
    "avg_latency": 6.230457067489624,
    "num_prompts": 1,
    "accuracy": 100.0,
    "correct": 1,
    "total": 1
  },
  "comparison": {
    "throughput_speedup": 1.0289595033229977,
    "time_speedup": 1.0289595033229977,
    "accuracy_diff": -100.0
  }
}