{
  "blockinfer": {
    "total_time": 8.94692873954773,
    "total_tokens": 128,
    "throughput": 14.306585391052355,
    "avg_latency": 8.94692873954773,
    "num_prompts": 1,
    "accuracy": 0.0,
    "correct": 0,
    "total": 1
  },
  "vanilla_llada": {
    "total_time": 10.089963912963867,
    "total_tokens": 128,
    "throughput": 12.68587292324624,
    "avg_latency": 10.089963912963867,
    "num_prompts": 1,
    "accuracy": 0.0,
    "correct": 0,
    "total": 1
  },
  "comparison": {
    "throughput_speedup": 1.127757268073862,
    "time_speedup": 1.127757268073862,
    "accuracy_diff": 0.0
  }
}