{
  "blockinfer": {
    "total_time": 6.959832191467285,
    "total_tokens": 128,
    "throughput": 18.39124801844034,
    "avg_latency": 6.959832191467285,
    "num_prompts": 1,
    "accuracy": 100.0,
    "correct": 1,
    "total": 1
  },
  "vanilla_llada": {
    "total_time": 8.067708253860474,
    "total_tokens": 128,
    "throughput": 15.865719975527227,
    "avg_latency": 8.067708253860474,
    "num_prompts": 1,
    "accuracy": 100.0,
    "correct": 1,
    "total": 1
  },
  "comparison": {
    "throughput_speedup": 1.159181433102861,
    "time_speedup": 1.1591814331028611,
    "accuracy_diff": 0.0
  }
}