{
  "blockinfer": {
    "total_time": 6.271172761917114,
    "total_tokens": 128,
    "throughput": 20.410855331127898,
    "avg_latency": 6.271172761917114,
    "num_prompts": 1,
    "accuracy": 0.0,
    "correct": 0,
    "total": 1
  },
  "vanilla_llada": {
    "total_time": 6.892408132553101,
    "total_tokens": 128,
    "throughput": 18.571157937593863,
    "avg_latency": 6.892408132553101,
    "num_prompts": 1,
    "accuracy": 0.0,
    "correct": 0,
    "total": 1
  },
  "comparison": {
    "throughput_speedup": 1.0990620724736775,
    "time_speedup": 1.0990620724736777,
    "accuracy_diff": 0.0
  }
}