{
  "blockinfer": {
    "total_time": 7.872299432754517,
    "total_tokens": 128,
    "throughput": 16.259544126005483,
    "avg_latency": 7.872299432754517,
    "num_prompts": 1,
    "accuracy": 100.0,
    "correct": 1,
    "total": 1
  },
  "vanilla_llada": {
    "total_time": 8.55876111984253,
    "total_tokens": 128,
    "throughput": 14.955435513119571,
    "avg_latency": 8.55876111984253,
    "num_prompts": 1,
    "accuracy": 100.0,
    "correct": 1,
    "total": 1
  },
  "comparison": {
    "throughput_speedup": 1.087199641343904,
    "time_speedup": 1.087199641343904,
    "accuracy_diff": 0.0
  }
}