{
  "blockinfer": {
    "total_time": 8.513640880584717,
    "total_tokens": 128,
    "throughput": 15.034695707203586,
    "avg_latency": 8.513640880584717,
    "num_prompts": 1,
    "accuracy": 0.0,
    "correct": 0,
    "total": 1
  },
  "vanilla_llada": {
    "total_time": 9.613407135009766,
    "total_tokens": 128,
    "throughput": 13.314738281899466,
    "avg_latency": 9.613407135009766,
    "num_prompts": 1,
    "accuracy": 0.0,
    "correct": 0,
    "total": 1
  },
  "comparison": {
    "throughput_speedup": 1.129176960815091,
    "time_speedup": 1.129176960815091,
    "accuracy_diff": 0.0
  }
}