{
  "blockinfer": {
    "total_time": 6.930810928344727,
    "total_tokens": 128,
    "throughput": 18.4682573689209,
    "avg_latency": 6.930810928344727,
    "num_prompts": 1,
    "accuracy": 0.0,
    "correct": 0,
    "total": 1
  },
  "vanilla_llada": {
    "total_time": 8.023155212402344,
    "total_tokens": 128,
    "throughput": 15.953823229311979,
    "avg_latency": 8.023155212402344,
    "num_prompts": 1,
    "accuracy": 0.0,
    "correct": 0,
    "total": 1
  },
  "comparison": {
    "throughput_speedup": 1.1576069951050445,
    "time_speedup": 1.1576069951050447,
    "accuracy_diff": 0.0
  }
}