{
  "blockinfer": {
    "total_time": 6.29826807975769,
    "total_tokens": 128,
    "throughput": 20.323047285234715,
    "avg_latency": 6.29826807975769,
    "num_prompts": 1,
    "accuracy": 0.0,
    "correct": 0,
    "total": 1
  },
  "vanilla_llada": {
    "total_time": 6.151223421096802,
    "total_tokens": 128,
    "throughput": 20.808868616444563,
    "avg_latency": 6.151223421096802,
    "num_prompts": 1,
    "accuracy": 0.0,
    "correct": 0,
    "total": 1
  },
  "comparison": {
    "throughput_speedup": 0.9766531597577621,
    "time_speedup": 0.9766531597577622,
    "accuracy_diff": 0.0
  }
}