{
  "blockinfer": {
    "total_time": 12.789543151855469,
    "total_tokens": 128,
    "throughput": 10.008176091999825,
    "avg_latency": 12.789543151855469,
    "num_prompts": 1,
    "accuracy": 0.0,
    "correct": 0,
    "total": 1
  },
  "vanilla_llada": {
    "total_time": 13.027673959732056,
    "total_tokens": 128,
    "throughput": 9.825238211797604,
    "avg_latency": 13.027673959732056,
    "num_prompts": 1,
    "accuracy": 0.0,
    "correct": 0,
    "total": 1
  },
  "comparison": {
    "throughput_speedup": 1.0186191801418676,
    "time_speedup": 1.0186191801418676,
    "accuracy_diff": 0.0
  }
}