{
  "blockinfer": {
    "total_time": 7.006274461746216,
    "total_tokens": 128,
    "throughput": 18.2693385334633,
    "avg_latency": 7.006274461746216,
    "num_prompts": 1,
    "accuracy": 100.0,
    "correct": 1,
    "total": 1
  },
  "vanilla_llada": {
    "total_time": 8.125780820846558,
    "total_tokens": 128,
    "throughput": 15.752332338526545,
    "avg_latency": 8.125780820846558,
    "num_prompts": 1,
    "accuracy": 0.0,
    "correct": 0,
    "total": 1
  },
  "comparison": {
    "throughput_speedup": 1.1597862551935083,
    "time_speedup": 1.1597862551935085,
    "accuracy_diff": 100.0
  }
}