{
  "blockinfer": {
    "total_time": 6.085164308547974,
    "total_tokens": 128,
    "throughput": 21.03476480005567,
    "avg_latency": 6.085164308547974,
    "num_prompts": 1,
    "accuracy": 0.0,
    "correct": 0,
    "total": 1
  },
  "vanilla_llada": {
    "total_time": 6.164906024932861,
    "total_tokens": 128,
    "throughput": 20.762684699868394,
    "avg_latency": 6.164906024932861,
    "num_prompts": 1,
    "accuracy": 0.0,
    "correct": 0,
    "total": 1
  },
  "comparison": {
    "throughput_speedup": 1.0131042831946004,
    "time_speedup": 1.0131042831946004,
    "accuracy_diff": 0.0
  }
}