{
  "blockinfer": {
    "total_time": 6.017402172088623,
    "total_tokens": 128,
    "throughput": 21.27163788282603,
    "avg_latency": 6.017402172088623,
    "num_prompts": 1,
    "accuracy": 0.0,
    "correct": 0,
    "total": 1
  },
  "vanilla_llada": {
    "total_time": 6.23854660987854,
    "total_tokens": 128,
    "throughput": 20.517599371192656,
    "avg_latency": 6.23854660987854,
    "num_prompts": 1,
    "accuracy": 0.0,
    "correct": 0,
    "total": 1
  },
  "comparison": {
    "throughput_speedup": 1.0367508156286582,
    "time_speedup": 1.0367508156286582,
    "accuracy_diff": 0.0
  }
}