{
  "blockinfer": {
    "total_time": 6.964762926101685,
    "total_tokens": 128,
    "throughput": 18.378227853283747,
    "avg_latency": 6.964762926101685,
    "num_prompts": 1,
    "accuracy": 0.0,
    "correct": 0,
    "total": 1
  },
  "vanilla_llada": {
    "total_time": 8.077439308166504,
    "total_tokens": 128,
    "throughput": 15.846606222171008,
    "avg_latency": 8.077439308166504,
    "num_prompts": 1,
    "accuracy": 0.0,
    "correct": 0,
    "total": 1
  },
  "comparison": {
    "throughput_speedup": 1.159757969348083,
    "time_speedup": 1.1597579693480833,
    "accuracy_diff": 0.0
  }
}