{
  "blockinfer": {
    "total_time": 6.115383863449097,
    "total_tokens": 128,
    "throughput": 20.93082018367488,
    "avg_latency": 6.115383863449097,
    "num_prompts": 1,
    "accuracy": 0.0,
    "correct": 0,
    "total": 1
  },
  "vanilla_llada": {
    "total_time": 6.207551002502441,
    "total_tokens": 128,
    "throughput": 20.620048058952644,
    "avg_latency": 6.207551002502441,
    "num_prompts": 1,
    "accuracy": 0.0,
    "correct": 0,
    "total": 1
  },
  "comparison": {
    "throughput_speedup": 1.0150713579247603,
    "time_speedup": 1.0150713579247603,
    "accuracy_diff": 0.0
  }
}