{
  "blockinfer": {
    "total_time": 7.027716875076294,
    "total_tokens": 128,
    "throughput": 18.21359657415203,
    "avg_latency": 7.027716875076294,
    "num_prompts": 1,
    "accuracy": 100.0,
    "correct": 1,
    "total": 1
  },
  "vanilla_llada": {
    "total_time": 8.155449628829956,
    "total_tokens": 128,
    "throughput": 15.695026739851727,
    "avg_latency": 8.155449628829956,
    "num_prompts": 1,
    "accuracy": 0.0,
    "correct": 0,
    "total": 1
  },
  "comparison": {
    "throughput_speedup": 1.1604692923463027,
    "time_speedup": 1.1604692923463027,
    "accuracy_diff": 100.0
  }
}