{
  "blockinfer": {
    "total_time": 6.253664493560791,
    "total_tokens": 128,
    "throughput": 20.467999223782748,
    "avg_latency": 6.253664493560791,
    "num_prompts": 1,
    "accuracy": 0.0,
    "correct": 0,
    "total": 1
  },
  "vanilla_llada": {
    "total_time": 6.106338977813721,
    "total_tokens": 128,
    "throughput": 20.961823518980008,
    "avg_latency": 6.106338977813721,
    "num_prompts": 1,
    "accuracy": 0.0,
    "correct": 0,
    "total": 1
  },
  "comparison": {
    "throughput_speedup": 0.9764417301409811,
    "time_speedup": 0.976441730140981,
    "accuracy_diff": 0.0
  }
}