{
  "blockinfer": {
    "total_time": 6.826964616775513,
    "total_tokens": 128,
    "throughput": 18.749181691299945,
    "avg_latency": 6.826964616775513,
    "num_prompts": 1,
    "accuracy": 100.0,
    "correct": 1,
    "total": 1
  },
  "vanilla_llada": {
    "total_time": 8.192683458328247,
    "total_tokens": 128,
    "throughput": 15.623696515441713,
    "avg_latency": 8.192683458328247,
    "num_prompts": 1,
    "accuracy": 0.0,
    "correct": 0,
    "total": 1
  },
  "comparison": {
    "throughput_speedup": 1.2000477398398741,
    "time_speedup": 1.2000477398398741,
    "accuracy_diff": 100.0
  }
}