{
  "blockinfer": {
    "total_time": 6.02710223197937,
    "total_tokens": 128,
    "throughput": 21.237403162143362,
    "avg_latency": 6.02710223197937,
    "num_prompts": 1,
    "accuracy": 0.0,
    "correct": 0,
    "total": 1
  },
  "vanilla_llada": {
    "total_time": 6.199076175689697,
    "total_tokens": 128,
    "throughput": 20.648237958740516,
    "avg_latency": 6.199076175689697,
    "num_prompts": 1,
    "accuracy": 0.0,
    "correct": 0,
    "total": 1
  },
  "comparison": {
    "throughput_speedup": 1.0285334373121873,
    "time_speedup": 1.0285334373121873,
    "accuracy_diff": 0.0
  }
}