{
  "blockinfer": {
    "total_time": 6.058352470397949,
    "total_tokens": 128,
    "throughput": 21.127856232437427,
    "avg_latency": 6.058352470397949,
    "num_prompts": 1,
    "accuracy": 100.0,
    "correct": 1,
    "total": 1
  },
  "vanilla_llada": {
    "total_time": 6.2461888790130615,
    "total_tokens": 128,
    "throughput": 20.492495900992484,
    "avg_latency": 6.2461888790130615,
    "num_prompts": 1,
    "accuracy": 100.0,
    "correct": 1,
    "total": 1
  },
  "comparison": {
    "throughput_speedup": 1.0310045362221676,
    "time_speedup": 1.0310045362221676,
    "accuracy_diff": 0.0
  }
}