{
  "blockinfer": {
    "total_time": 6.066063165664673,
    "total_tokens": 128,
    "throughput": 21.101000188146696,
    "avg_latency": 6.066063165664673,
    "num_prompts": 1,
    "accuracy": 0.0,
    "correct": 0,
    "total": 1
  },
  "vanilla_llada": {
    "total_time": 6.256598234176636,
    "total_tokens": 128,
    "throughput": 20.45840170794421,
    "avg_latency": 6.256598234176636,
    "num_prompts": 1,
    "accuracy": 0.0,
    "correct": 0,
    "total": 1
  },
  "comparison": {
    "throughput_speedup": 1.0314100040353085,
    "time_speedup": 1.0314100040353085,
    "accuracy_diff": 0.0
  }
}