{
  "blockinfer": {
    "total_time": 7.131990194320679,
    "total_tokens": 128,
    "throughput": 17.94730454087395,
    "avg_latency": 7.131990194320679,
    "num_prompts": 1,
    "accuracy": 100.0,
    "correct": 1,
    "total": 1
  },
  "vanilla_llada": {
    "total_time": 8.35240364074707,
    "total_tokens": 128,
    "throughput": 15.32492986516528,
    "avg_latency": 8.35240364074707,
    "num_prompts": 1,
    "accuracy": 100.0,
    "correct": 1,
    "total": 1
  },
  "comparison": {
    "throughput_speedup": 1.1711182170999377,
    "time_speedup": 1.1711182170999375,
    "accuracy_diff": 0.0
  }
}