{
  "blockinfer": {
    "total_time": 7.054711818695068,
    "total_tokens": 128,
    "throughput": 18.143902017485463,
    "avg_latency": 7.054711818695068,
    "num_prompts": 1,
    "accuracy": 0.0,
    "correct": 0,
    "total": 1
  },
  "vanilla_llada": {
    "total_time": 8.284460067749023,
    "total_tokens": 128,
    "throughput": 15.450614639123847,
    "avg_latency": 8.284460067749023,
    "num_prompts": 1,
    "accuracy": 0.0,
    "correct": 0,
    "total": 1
  },
  "comparison": {
    "throughput_speedup": 1.1743158729453849,
    "time_speedup": 1.1743158729453849,
    "accuracy_diff": 0.0
  }
}