{
  "blockinfer": {
    "total_time": 6.971643686294556,
    "total_tokens": 128,
    "throughput": 18.360089207030644,
    "avg_latency": 6.971643686294556,
    "num_prompts": 1,
    "accuracy": 100.0,
    "correct": 1,
    "total": 1
  },
  "vanilla_llada": {
    "total_time": 8.091673612594604,
    "total_tokens": 128,
    "throughput": 15.818729984458265,
    "avg_latency": 8.091673612594604,
    "num_prompts": 1,
    "accuracy": 100.0,
    "correct": 1,
    "total": 1
  },
  "comparison": {
    "throughput_speedup": 1.1606550731360379,
    "time_speedup": 1.1606550731360379,
    "accuracy_diff": 0.0
  }
}