{
  "blockinfer": {
    "total_time": 10.535535335540771,
    "total_tokens": 128,
    "throughput": 12.149358900463502,
    "avg_latency": 10.535535335540771,
    "num_prompts": 1,
    "accuracy": 100.0,
    "correct": 1,
    "total": 1
  },
  "vanilla_llada": {
    "total_time": 10.837337970733643,
    "total_tokens": 128,
    "throughput": 11.811018567997555,
    "avg_latency": 10.837337970733643,
    "num_prompts": 1,
    "accuracy": 0.0,
    "correct": 0,
    "total": 1
  },
  "comparison": {
    "throughput_speedup": 1.0286461604067487,
    "time_speedup": 1.0286461604067487,
    "accuracy_diff": 100.0
  }
}