{
  "blockinfer": {
    "total_time": 11.348126888275146,
    "total_tokens": 128,
    "throughput": 11.279394499214602,
    "avg_latency": 11.348126888275146,
    "num_prompts": 1,
    "accuracy": 100.0,
    "correct": 1,
    "total": 1
  },
  "vanilla_llada": {
    "total_time": 11.769245386123657,
    "total_tokens": 128,
    "throughput": 10.875803486170522,
    "avg_latency": 11.769245386123657,
    "num_prompts": 1,
    "accuracy": 100.0,
    "correct": 1,
    "total": 1
  },
  "comparison": {
    "throughput_speedup": 1.037109075532422,
    "time_speedup": 1.037109075532422,
    "accuracy_diff": 0.0
  }
}