{
  "blockinfer": {
    "total_time": 6.808537244796753,
    "total_tokens": 128,
    "throughput": 18.799926533092062,
    "avg_latency": 6.808537244796753,
    "num_prompts": 1,
    "accuracy": 0.0,
    "correct": 0,
    "total": 1
  },
  "vanilla_llada": {
    "total_time": 8.14185619354248,
    "total_tokens": 128,
    "throughput": 15.721230755895707,
    "avg_latency": 8.14185619354248,
    "num_prompts": 1,
    "accuracy": 100.0,
    "correct": 1,
    "total": 1
  },
  "comparison": {
    "throughput_speedup": 1.1958304553249939,
    "time_speedup": 1.1958304553249939,
    "accuracy_diff": -100.0
  }
}