{
  "blockinfer": {
    "total_time": 6.992536783218384,
    "total_tokens": 128,
    "throughput": 18.30523084371774,
    "avg_latency": 6.992536783218384,
    "num_prompts": 1,
    "accuracy": 100.0,
    "correct": 1,
    "total": 1
  },
  "vanilla_llada": {
    "total_time": 8.112634181976318,
    "total_tokens": 128,
    "throughput": 15.777859216723357,
    "avg_latency": 8.112634181976318,
    "num_prompts": 1,
    "accuracy": 100.0,
    "correct": 1,
    "total": 1
  },
  "comparison": {
    "throughput_speedup": 1.1601846988414979,
    "time_speedup": 1.160184698841498,
    "accuracy_diff": 0.0
  }
}