{
  "blockinfer": {
    "total_time": 8.649112462997437,
    "total_tokens": 128,
    "throughput": 14.799206340258445,
    "avg_latency": 8.649112462997437,
    "num_prompts": 1,
    "accuracy": 0.0,
    "correct": 0,
    "total": 1
  },
  "vanilla_llada": {
    "total_time": 9.985038995742798,
    "total_tokens": 128,
    "throughput": 12.81917877882839,
    "avg_latency": 9.985038995742798,
    "num_prompts": 1,
    "accuracy": 0.0,
    "correct": 0,
    "total": 1
  },
  "comparison": {
    "throughput_speedup": 1.1544582219806612,
    "time_speedup": 1.1544582219806612,
    "accuracy_diff": 0.0
  }
}