{
  "blockinfer": {
    "total_time": 6.252129077911377,
    "total_tokens": 128,
    "throughput": 20.473025813273907,
    "avg_latency": 6.252129077911377,
    "num_prompts": 1,
    "accuracy": 0.0,
    "correct": 0,
    "total": 1
  },
  "vanilla_llada": {
    "total_time": 6.921818733215332,
    "total_tokens": 128,
    "throughput": 18.492249643258322,
    "avg_latency": 6.921818733215332,
    "num_prompts": 1,
    "accuracy": 0.0,
    "correct": 0,
    "total": 1
  },
  "comparison": {
    "throughput_speedup": 1.107113856249378,
    "time_speedup": 1.1071138562493779,
    "accuracy_diff": 0.0
  }
}