{
  "blockinfer": {
    "total_time": 6.84634804725647,
    "total_tokens": 128,
    "throughput": 18.69609887146963,
    "avg_latency": 6.84634804725647,
    "num_prompts": 1,
    "accuracy": 100.0,
    "correct": 1,
    "total": 1
  },
  "vanilla_llada": {
    "total_time": 8.238160610198975,
    "total_tokens": 128,
    "throughput": 15.537448959362841,
    "avg_latency": 8.238160610198975,
    "num_prompts": 1,
    "accuracy": 100.0,
    "correct": 1,
    "total": 1
  },
  "comparison": {
    "throughput_speedup": 1.203292697557239,
    "time_speedup": 1.2032926975572393,
    "accuracy_diff": 0.0
  }
}