{
  "blockinfer": {
    "total_time": 6.949477910995483,
    "total_tokens": 128,
    "throughput": 18.41864980928683,
    "avg_latency": 6.949477910995483,
    "num_prompts": 1,
    "accuracy": 100.0,
    "correct": 1,
    "total": 1
  },
  "vanilla_llada": {
    "total_time": 8.093461990356445,
    "total_tokens": 128,
    "throughput": 15.815234587190881,
    "avg_latency": 8.093461990356445,
    "num_prompts": 1,
    "accuracy": 100.0,
    "correct": 1,
    "total": 1
  },
  "comparison": {
    "throughput_speedup": 1.1646143917589762,
    "time_speedup": 1.1646143917589762,
    "accuracy_diff": 0.0
  }
}