{
  "blockinfer": {
    "total_time": 6.940018177032471,
    "total_tokens": 128,
    "throughput": 18.443755727269924,
    "avg_latency": 6.940018177032471,
    "num_prompts": 1,
    "accuracy": 0.0,
    "correct": 0,
    "total": 1
  },
  "vanilla_llada": {
    "total_time": 8.071352243423462,
    "total_tokens": 128,
    "throughput": 15.858557047153333,
    "avg_latency": 8.071352243423462,
    "num_prompts": 1,
    "accuracy": 0.0,
    "correct": 0,
    "total": 1
  },
  "comparison": {
    "throughput_speedup": 1.1630160091129251,
    "time_speedup": 1.1630160091129251,
    "accuracy_diff": 0.0
  }
}