{
  "blockinfer": {
    "total_time": 8.033937692642212,
    "total_tokens": 128,
    "throughput": 15.932411340111251,
    "avg_latency": 8.033937692642212,
    "num_prompts": 1,
    "accuracy": 0.0,
    "correct": 0,
    "total": 1
  },
  "vanilla_llada": {
    "total_time": 8.815282583236694,
    "total_tokens": 128,
    "throughput": 14.520237870015329,
    "avg_latency": 8.815282583236694,
    "num_prompts": 1,
    "accuracy": 0.0,
    "correct": 0,
    "total": 1
  },
  "comparison": {
    "throughput_speedup": 1.097255532776918,
    "time_speedup": 1.097255532776918,
    "accuracy_diff": 0.0
  }
}