{
  "blockinfer": {
    "total_time": 7.0791096687316895,
    "total_tokens": 128,
    "throughput": 18.081369831770495,
    "avg_latency": 7.0791096687316895,
    "num_prompts": 1,
    "accuracy": 100.0,
    "correct": 1,
    "total": 1
  },
  "vanilla_llada": {
    "total_time": 8.259697437286377,
    "total_tokens": 128,
    "throughput": 15.496935689457027,
    "avg_latency": 8.259697437286377,
    "num_prompts": 1,
    "accuracy": 100.0,
    "correct": 1,
    "total": 1
  },
  "comparison": {
    "throughput_speedup": 1.1667706567351717,
    "time_speedup": 1.1667706567351717,
    "accuracy_diff": 0.0
  }
}