{
  "blockinfer": {
    "total_time": 6.048060894012451,
    "total_tokens": 128,
    "throughput": 21.16380807718377,
    "avg_latency": 6.048060894012451,
    "num_prompts": 1,
    "accuracy": 0.0,
    "correct": 0,
    "total": 1
  },
  "vanilla_llada": {
    "total_time": 6.2136828899383545,
    "total_tokens": 128,
    "throughput": 20.599699448336327,
    "avg_latency": 6.2136828899383545,
    "num_prompts": 1,
    "accuracy": 0.0,
    "correct": 0,
    "total": 1
  },
  "comparison": {
    "throughput_speedup": 1.0273843135557494,
    "time_speedup": 1.0273843135557494,
    "accuracy_diff": 0.0
  }
}