{
  "blockinfer": {
    "total_time": 6.988067626953125,
    "total_tokens": 128,
    "throughput": 18.316937790684978,
    "avg_latency": 6.988067626953125,
    "num_prompts": 1,
    "accuracy": 100.0,
    "correct": 1,
    "total": 1
  },
  "vanilla_llada": {
    "total_time": 8.106523990631104,
    "total_tokens": 128,
    "throughput": 15.789751581310627,
    "avg_latency": 8.106523990631104,
    "num_prompts": 1,
    "accuracy": 100.0,
    "correct": 1,
    "total": 1
  },
  "comparison": {
    "throughput_speedup": 1.1600523096491036,
    "time_speedup": 1.1600523096491036,
    "accuracy_diff": 0.0
  }
}