{
  "blockinfer": {
    "total_time": 6.980050802230835,
    "total_tokens": 128,
    "throughput": 18.337975414031515,
    "avg_latency": 6.980050802230835,
    "num_prompts": 1,
    "accuracy": 0.0,
    "correct": 0,
    "total": 1
  },
  "vanilla_llada": {
    "total_time": 8.08778429031372,
    "total_tokens": 128,
    "throughput": 15.82633702945049,
    "avg_latency": 8.08778429031372,
    "num_prompts": 1,
    "accuracy": 0.0,
    "correct": 0,
    "total": 1
  },
  "comparison": {
    "throughput_speedup": 1.1586999177325261,
    "time_speedup": 1.1586999177325261,
    "accuracy_diff": 0.0
  }
}