{
  "blockinfer": {
    "total_time": 8.490652084350586,
    "total_tokens": 128,
    "throughput": 15.07540277570921,
    "avg_latency": 8.490652084350586,
    "num_prompts": 1,
    "accuracy": 0.0,
    "correct": 0,
    "total": 1
  },
  "vanilla_llada": {
    "total_time": 9.562454223632812,
    "total_tokens": 128,
    "throughput": 13.385684993258176,
    "avg_latency": 9.562454223632812,
    "num_prompts": 1,
    "accuracy": 0.0,
    "correct": 0,
    "total": 1
  },
  "comparison": {
    "throughput_speedup": 1.126233194887081,
    "time_speedup": 1.1262331948870807,
    "accuracy_diff": 0.0
  }
}