{
  "blockinfer": {
    "total_time": 6.289498567581177,
    "total_tokens": 128,
    "throughput": 20.35138391791166,
    "avg_latency": 6.289498567581177,
    "num_prompts": 1,
    "accuracy": 0.0,
    "correct": 0,
    "total": 1
  },
  "vanilla_llada": {
    "total_time": 6.1355931758880615,
    "total_tokens": 128,
    "throughput": 20.86187860417805,
    "avg_latency": 6.1355931758880615,
    "num_prompts": 1,
    "accuracy": 0.0,
    "correct": 0,
    "total": 1
  },
  "comparison": {
    "throughput_speedup": 0.9755297834891941,
    "time_speedup": 0.9755297834891941,
    "accuracy_diff": 0.0
  }
}