{
  "blockinfer": {
    "total_time": 7.961745977401733,
    "total_tokens": 128,
    "throughput": 16.07687564553171,
    "avg_latency": 7.961745977401733,
    "num_prompts": 1,
    "accuracy": 0.0,
    "correct": 0,
    "total": 1
  },
  "vanilla_llada": {
    "total_time": 8.77653193473816,
    "total_tokens": 128,
    "throughput": 14.584348459254912,
    "avg_latency": 8.77653193473816,
    "num_prompts": 1,
    "accuracy": 100.0,
    "correct": 1,
    "total": 1
  },
  "comparison": {
    "throughput_speedup": 1.1023375977642438,
    "time_speedup": 1.102337597764244,
    "accuracy_diff": -100.0
  }
}