{
  "blockinfer": {
    "total_time": 6.047835350036621,
    "total_tokens": 128,
    "throughput": 21.164597346259587,
    "avg_latency": 6.047835350036621,
    "num_prompts": 1,
    "accuracy": 0.0,
    "correct": 0,
    "total": 1
  },
  "vanilla_llada": {
    "total_time": 6.1388938426971436,
    "total_tokens": 128,
    "throughput": 20.850661907481815,
    "avg_latency": 6.1388938426971436,
    "num_prompts": 1,
    "accuracy": 0.0,
    "correct": 0,
    "total": 1
  },
  "comparison": {
    "throughput_speedup": 1.0150563775946664,
    "time_speedup": 1.0150563775946664,
    "accuracy_diff": 0.0
  }
}