{
  "blockinfer": {
    "total_time": 10.41274619102478,
    "total_tokens": 128,
    "throughput": 12.292626522514206,
    "avg_latency": 10.41274619102478,
    "num_prompts": 1,
    "accuracy": 100.0,
    "correct": 1,
    "total": 1
  },
  "vanilla_llada": {
    "total_time": 10.699244260787964,
    "total_tokens": 128,
    "throughput": 11.963461799737734,
    "avg_latency": 10.699244260787964,
    "num_prompts": 1,
    "accuracy": 0.0,
    "correct": 0,
    "total": 1
  },
  "comparison": {
    "throughput_speedup": 1.027514170086094,
    "time_speedup": 1.0275141700860941,
    "accuracy_diff": 100.0
  }
}