{
  "blockinfer": {
    "total_time": 11.500603914260864,
    "total_tokens": 128,
    "throughput": 11.129850306493793,
    "avg_latency": 11.500603914260864,
    "num_prompts": 1,
    "accuracy": 100.0,
    "correct": 1,
    "total": 1
  },
  "vanilla_llada": {
    "total_time": 12.316068172454834,
    "total_tokens": 128,
    "throughput": 10.392927207586826,
    "avg_latency": 12.316068172454834,
    "num_prompts": 1,
    "accuracy": 0.0,
    "correct": 0,
    "total": 1
  },
  "comparison": {
    "throughput_speedup": 1.07090621190621,
    "time_speedup": 1.07090621190621,
    "accuracy_diff": 100.0
  }
}