{
  "blockinfer": {
    "total_time": 9.5097496509552,
    "total_tokens": 128,
    "throughput": 13.459870627313846,
    "avg_latency": 9.5097496509552,
    "num_prompts": 1,
    "accuracy": 0.0,
    "correct": 0,
    "total": 1
  },
  "vanilla_llada": {
    "total_time": 10.19420862197876,
    "total_tokens": 128,
    "throughput": 12.55614876509702,
    "avg_latency": 10.19420862197876,
    "num_prompts": 1,
    "accuracy": 0.0,
    "correct": 0,
    "total": 1
  },
  "comparison": {
    "throughput_speedup": 1.0719744468725114,
    "time_speedup": 1.0719744468725114,
    "accuracy_diff": 0.0
  }
}