{
  "blockinfer": {
    "total_time": 7.79764986038208,
    "total_tokens": 128,
    "throughput": 16.41520230990829,
    "avg_latency": 7.79764986038208,
    "num_prompts": 1,
    "accuracy": 0.0,
    "correct": 0,
    "total": 1
  },
  "vanilla_llada": {
    "total_time": 8.452105522155762,
    "total_tokens": 128,
    "throughput": 15.1441554609641,
    "avg_latency": 8.452105522155762,
    "num_prompts": 1,
    "accuracy": 0.0,
    "correct": 0,
    "total": 1
  },
  "comparison": {
    "throughput_speedup": 1.0839298600849991,
    "time_speedup": 1.0839298600849991,
    "accuracy_diff": 0.0
  }
}