{
  "blockinfer": {
    "total_time": 6.9801576137542725,
    "total_tokens": 128,
    "throughput": 18.33769480330621,
    "avg_latency": 6.9801576137542725,
    "num_prompts": 1,
    "accuracy": 0.0,
    "correct": 0,
    "total": 1
  },
  "vanilla_llada": {
    "total_time": 8.122518062591553,
    "total_tokens": 128,
    "throughput": 15.758659939398227,
    "avg_latency": 8.122518062591553,
    "num_prompts": 1,
    "accuracy": 0.0,
    "correct": 0,
    "total": 1
  },
  "comparison": {
    "throughput_speedup": 1.163658259891765,
    "time_speedup": 1.1636582598917653,
    "accuracy_diff": 0.0
  }
}