{
  "blockinfer": {
    "total_time": 7.739656448364258,
    "total_tokens": 128,
    "throughput": 16.538201773420088,
    "avg_latency": 7.739656448364258,
    "num_prompts": 1,
    "accuracy": 0.0,
    "correct": 0,
    "total": 1
  },
  "vanilla_llada": {
    "total_time": 8.661134243011475,
    "total_tokens": 128,
    "throughput": 14.778664827101725,
    "avg_latency": 8.661134243011475,
    "num_prompts": 1,
    "accuracy": 0.0,
    "correct": 0,
    "total": 1
  },
  "comparison": {
    "throughput_speedup": 1.1190592632625143,
    "time_speedup": 1.1190592632625143,
    "accuracy_diff": 0.0
  }
}