{
  "blockinfer": {
    "total_time": 6.08183479309082,
    "total_tokens": 128,
    "throughput": 21.046280333923658,
    "avg_latency": 6.08183479309082,
    "num_prompts": 1,
    "accuracy": 0.0,
    "correct": 0,
    "total": 1
  },
  "vanilla_llada": {
    "total_time": 6.21562385559082,
    "total_tokens": 128,
    "throughput": 20.593266737797645,
    "avg_latency": 6.21562385559082,
    "num_prompts": 1,
    "accuracy": 0.0,
    "correct": 0,
    "total": 1
  },
  "comparison": {
    "throughput_speedup": 1.0219981415233423,
    "time_speedup": 1.0219981415233423,
    "accuracy_diff": 0.0
  }
}