{
  "blockinfer": {
    "total_time": 7.81405782699585,
    "total_tokens": 128,
    "throughput": 16.38073365131599,
    "avg_latency": 7.81405782699585,
    "num_prompts": 1,
    "accuracy": 0.0,
    "correct": 0,
    "total": 1
  },
  "vanilla_llada": {
    "total_time": 8.480738639831543,
    "total_tokens": 128,
    "throughput": 15.093024963512203,
    "avg_latency": 8.480738639831543,
    "num_prompts": 1,
    "accuracy": 0.0,
    "correct": 0,
    "total": 1
  },
  "comparison": {
    "throughput_speedup": 1.0853181314492526,
    "time_speedup": 1.0853181314492526,
    "accuracy_diff": 0.0
  }
}