{
  "blockinfer": {
    "total_time": 6.290004730224609,
    "total_tokens": 128,
    "throughput": 20.34974622275511,
    "avg_latency": 6.290004730224609,
    "num_prompts": 1,
    "accuracy": 0.0,
    "correct": 0,
    "total": 1
  },
  "vanilla_llada": {
    "total_time": 6.138081789016724,
    "total_tokens": 128,
    "throughput": 20.853420400659843,
    "avg_latency": 6.138081789016724,
    "num_prompts": 1,
    "accuracy": 0.0,
    "correct": 0,
    "total": 1
  },
  "comparison": {
    "throughput_speedup": 0.9758469273516014,
    "time_speedup": 0.9758469273516014,
    "accuracy_diff": 0.0
  }
}