{
  "blockinfer": {
    "total_time": 6.260348320007324,
    "total_tokens": 128,
    "throughput": 20.44614667700315,
    "avg_latency": 6.260348320007324,
    "num_prompts": 1,
    "accuracy": 100.0,
    "correct": 1,
    "total": 1
  },
  "vanilla_llada": {
    "total_time": 6.123616456985474,
    "total_tokens": 128,
    "throughput": 20.902680776812023,
    "avg_latency": 6.123616456985474,
    "num_prompts": 1,
    "accuracy": 0.0,
    "correct": 0,
    "total": 1
  },
  "comparison": {
    "throughput_speedup": 0.9781590646346511,
    "time_speedup": 0.9781590646346511,
    "accuracy_diff": 100.0
  }
}