{
  "blockinfer": {
    "total_time": 6.288981914520264,
    "total_tokens": 128,
    "throughput": 20.35305582680533,
    "avg_latency": 6.288981914520264,
    "num_prompts": 1,
    "accuracy": 0.0,
    "correct": 0,
    "total": 1
  },
  "vanilla_llada": {
    "total_time": 6.9321370124816895,
    "total_tokens": 128,
    "throughput": 18.464724480997567,
    "avg_latency": 6.9321370124816895,
    "num_prompts": 1,
    "accuracy": 0.0,
    "correct": 0,
    "total": 1
  },
  "comparison": {
    "throughput_speedup": 1.1022669657351825,
    "time_speedup": 1.1022669657351825,
    "accuracy_diff": 0.0
  }
}