{
  "blockinfer": {
    "total_time": 6.262924671173096,
    "total_tokens": 128,
    "throughput": 20.4377358375643,
    "avg_latency": 6.262924671173096,
    "num_prompts": 1,
    "accuracy": 0.0,
    "correct": 0,
    "total": 1
  },
  "vanilla_llada": {
    "total_time": 6.092853307723999,
    "total_tokens": 128,
    "throughput": 21.008219554167262,
    "avg_latency": 6.092853307723999,
    "num_prompts": 1,
    "accuracy": 0.0,
    "correct": 0,
    "total": 1
  },
  "comparison": {
    "throughput_speedup": 0.9728447375022888,
    "time_speedup": 0.9728447375022888,
    "accuracy_diff": 0.0
  }
}