{
  "blockinfer": {
    "total_time": 6.810205698013306,
    "total_tokens": 128,
    "throughput": 18.795320681332807,
    "avg_latency": 6.810205698013306,
    "num_prompts": 1,
    "accuracy": 0.0,
    "correct": 0,
    "total": 1
  },
  "vanilla_llada": {
    "total_time": 8.136905431747437,
    "total_tokens": 128,
    "throughput": 15.73079607151234,
    "avg_latency": 8.136905431747437,
    "num_prompts": 1,
    "accuracy": 0.0,
    "correct": 0,
    "total": 1
  },
  "comparison": {
    "throughput_speedup": 1.1948105229950925,
    "time_speedup": 1.1948105229950925,
    "accuracy_diff": 0.0
  }
}