{
  "blockinfer": {
    "total_time": 7.865910291671753,
    "total_tokens": 128,
    "throughput": 16.272751055338567,
    "avg_latency": 7.865910291671753,
    "num_prompts": 1,
    "accuracy": 0.0,
    "correct": 0,
    "total": 1
  },
  "vanilla_llada": {
    "total_time": 8.548627138137817,
    "total_tokens": 128,
    "throughput": 14.9731644545539,
    "avg_latency": 8.548627138137817,
    "num_prompts": 1,
    "accuracy": 0.0,
    "correct": 0,
    "total": 1
  },
  "comparison": {
    "throughput_speedup": 1.0867943850299069,
    "time_speedup": 1.0867943850299069,
    "accuracy_diff": 0.0
  }
}