{
  "blockinfer": {
    "total_time": 6.9449310302734375,
    "total_tokens": 128,
    "throughput": 18.430708590486947,
    "avg_latency": 6.9449310302734375,
    "num_prompts": 1,
    "accuracy": 100.0,
    "correct": 1,
    "total": 1
  },
  "vanilla_llada": {
    "total_time": 8.080065727233887,
    "total_tokens": 128,
    "throughput": 15.841455295168652,
    "avg_latency": 8.080065727233887,
    "num_prompts": 1,
    "accuracy": 100.0,
    "correct": 1,
    "total": 1
  },
  "comparison": {
    "throughput_speedup": 1.1634479438330372,
    "time_speedup": 1.1634479438330372,
    "accuracy_diff": 0.0
  }
}