{
  "blockinfer": {
    "total_time": 6.308276891708374,
    "total_tokens": 128,
    "throughput": 20.290802416781,
    "avg_latency": 6.308276891708374,
    "num_prompts": 1,
    "accuracy": 0.0,
    "correct": 0,
    "total": 1
  },
  "vanilla_llada": {
    "total_time": 6.981443881988525,
    "total_tokens": 128,
    "throughput": 18.334316247993925,
    "avg_latency": 6.981443881988525,
    "num_prompts": 1,
    "accuracy": 100.0,
    "correct": 1,
    "total": 1
  },
  "comparison": {
    "throughput_speedup": 1.1067117061974507,
    "time_speedup": 1.1067117061974507,
    "accuracy_diff": -100.0
  }
}