{
  "blockinfer": {
    "total_time": 7.658379316329956,
    "total_tokens": 128,
    "throughput": 16.713719014552556,
    "avg_latency": 7.658379316329956,
    "num_prompts": 1,
    "accuracy": 0.0,
    "correct": 0,
    "total": 1
  },
  "vanilla_llada": {
    "total_time": 8.57793378829956,
    "total_tokens": 128,
    "throughput": 14.922008394911378,
    "avg_latency": 8.57793378829956,
    "num_prompts": 1,
    "accuracy": 0.0,
    "correct": 0,
    "total": 1
  },
  "comparison": {
    "throughput_speedup": 1.120071680180275,
    "time_speedup": 1.120071680180275,
    "accuracy_diff": 0.0
  }
}