{
  "blockinfer": {
    "total_time": 7.679762125015259,
    "total_tokens": 128,
    "throughput": 16.667182904411337,
    "avg_latency": 7.679762125015259,
    "num_prompts": 1,
    "accuracy": 0.0,
    "correct": 0,
    "total": 1
  },
  "vanilla_llada": {
    "total_time": 8.60417127609253,
    "total_tokens": 128,
    "throughput": 14.876505347546907,
    "avg_latency": 8.60417127609253,
    "num_prompts": 1,
    "accuracy": 0.0,
    "correct": 0,
    "total": 1
  },
  "comparison": {
    "throughput_speedup": 1.1203695031212224,
    "time_speedup": 1.1203695031212224,
    "accuracy_diff": 0.0
  }
}