{
  "blockinfer": {
    "total_time": 6.246454238891602,
    "total_tokens": 128,
    "throughput": 20.491625345311565,
    "avg_latency": 6.246454238891602,
    "num_prompts": 1,
    "accuracy": 100.0,
    "correct": 1,
    "total": 1
  },
  "vanilla_llada": {
    "total_time": 6.077297687530518,
    "total_tokens": 128,
    "throughput": 21.061992777255615,
    "avg_latency": 6.077297687530518,
    "num_prompts": 1,
    "accuracy": 100.0,
    "correct": 1,
    "total": 1
  },
  "comparison": {
    "throughput_speedup": 0.972919588475029,
    "time_speedup": 0.972919588475029,
    "accuracy_diff": 0.0
  }
}