{
  "blockinfer": {
    "total_time": 6.949298143386841,
    "total_tokens": 128,
    "throughput": 18.41912627130678,
    "avg_latency": 6.949298143386841,
    "num_prompts": 1,
    "accuracy": 100.0,
    "correct": 1,
    "total": 1
  },
  "vanilla_llada": {
    "total_time": 8.076625347137451,
    "total_tokens": 128,
    "throughput": 15.848203240647562,
    "avg_latency": 8.076625347137451,
    "num_prompts": 1,
    "accuracy": 0.0,
    "correct": 0,
    "total": 1
  },
  "comparison": {
    "throughput_speedup": 1.162221735273138,
    "time_speedup": 1.162221735273138,
    "accuracy_diff": 100.0
  }
}