{
  "blockinfer": {
    "total_time": 16.049625158309937,
    "total_tokens": 256,
    "throughput": 15.950528281805518,
    "avg_latency": 16.049625158309937,
    "num_prompts": 1,
    "accuracy": 0.0,
    "correct": 0,
    "total": 1
  },
  "vanilla_llada": {
    "total_time": 21.000807762145996,
    "total_tokens": 256,
    "throughput": 12.190007303501943,
    "avg_latency": 21.000807762145996,
    "num_prompts": 1,
    "accuracy": 0.0,
    "correct": 0,
    "total": 1
  },
  "comparison": {
    "throughput_speedup": 1.308492102151838,
    "time_speedup": 1.308492102151838,
    "accuracy_diff": 0.0
  }
}