{
  "blockinfer": {
    "total_time": 17.027565240859985,
    "total_tokens": 256,
    "throughput": 15.03444540536499,
    "avg_latency": 17.027565240859985,
    "num_prompts": 1,
    "accuracy": 0.0,
    "correct": 0,
    "total": 1
  },
  "vanilla_llada": {
    "total_time": 21.18138861656189,
    "total_tokens": 256,
    "throughput": 12.086082014463946,
    "avg_latency": 21.18138861656189,
    "num_prompts": 1,
    "accuracy": 0.0,
    "correct": 0,
    "total": 1
  },
  "comparison": {
    "throughput_speedup": 1.2439469951778093,
    "time_speedup": 1.2439469951778093,
    "accuracy_diff": 0.0
  }
}