{
  "blockinfer": {
    "total_time": 18.859593868255615,
    "total_tokens": 256,
    "throughput": 13.573993257134665,
    "avg_latency": 18.859593868255615,
    "num_prompts": 1,
    "accuracy": 0.0,
    "correct": 0,
    "total": 1
  },
  "vanilla_llada": {
    "total_time": 23.2803897857666,
    "total_tokens": 256,
    "throughput": 10.99637945737987,
    "avg_latency": 23.2803897857666,
    "num_prompts": 1,
    "accuracy": 0.0,
    "correct": 0,
    "total": 1
  },
  "comparison": {
    "throughput_speedup": 1.2344056795916507,
    "time_speedup": 1.2344056795916507,
    "accuracy_diff": 0.0
  }
}