{
  "blockinfer": {
    "total_time": 15.873301267623901,
    "total_tokens": 256,
    "throughput": 16.12771002602668,
    "avg_latency": 15.873301267623901,
    "num_prompts": 1,
    "accuracy": 0.0,
    "correct": 0,
    "total": 1
  },
  "vanilla_llada": {
    "total_time": 20.475727558135986,
    "total_tokens": 256,
    "throughput": 12.502608235685328,
    "avg_latency": 20.475727558135986,
    "num_prompts": 1,
    "accuracy": 0.0,
    "correct": 0,
    "total": 1
  },
  "comparison": {
    "throughput_speedup": 1.2899476430841428,
    "time_speedup": 1.2899476430841428,
    "accuracy_diff": 0.0
  }
}