{
  "blockinfer": {
    "total_time": 20.25162959098816,
    "total_tokens": 256,
    "throughput": 12.6409580448735,
    "avg_latency": 20.25162959098816,
    "num_prompts": 1,
    "accuracy": 0.0,
    "correct": 0,
    "total": 1
  },
  "vanilla_llada": {
    "total_time": 24.93560290336609,
    "total_tokens": 256,
    "throughput": 10.266445170469177,
    "avg_latency": 24.93560290336609,
    "num_prompts": 1,
    "accuracy": 0.0,
    "correct": 0,
    "total": 1
  },
  "comparison": {
    "throughput_speedup": 1.2312887114260804,
    "time_speedup": 1.2312887114260804,
    "accuracy_diff": 0.0
  }
}