{
  "blockinfer": {
    "total_time": 15.723894596099854,
    "total_tokens": 256,
    "throughput": 16.280953706182824,
    "avg_latency": 15.723894596099854,
    "num_prompts": 1,
    "accuracy": 0.0,
    "correct": 0,
    "total": 1
  },
  "vanilla_llada": {
    "total_time": 20.748791694641113,
    "total_tokens": 256,
    "throughput": 12.338067862820093,
    "avg_latency": 20.748791694641113,
    "num_prompts": 1,
    "accuracy": 0.0,
    "correct": 0,
    "total": 1
  },
  "comparison": {
    "throughput_speedup": 1.3195707696862604,
    "time_speedup": 1.3195707696862604,
    "accuracy_diff": 0.0
  }
}