{
  "blockinfer": {
    "total_time": 16.128368854522705,
    "total_tokens": 256,
    "throughput": 15.8726528583957,
    "avg_latency": 16.128368854522705,
    "num_prompts": 1,
    "accuracy": 0.0,
    "correct": 0,
    "total": 1
  },
  "vanilla_llada": {
    "total_time": 21.043076038360596,
    "total_tokens": 256,
    "throughput": 12.16552178651654,
    "avg_latency": 21.043076038360596,
    "num_prompts": 1,
    "accuracy": 0.0,
    "correct": 0,
    "total": 1
  },
  "comparison": {
    "throughput_speedup": 1.304724379022353,
    "time_speedup": 1.304724379022353,
    "accuracy_diff": 0.0
  }
}