{
  "blockinfer": {
    "total_time": 17.27413249015808,
    "total_tokens": 256,
    "throughput": 14.819846967473229,
    "avg_latency": 17.27413249015808,
    "num_prompts": 1,
    "accuracy": 100.0,
    "correct": 1,
    "total": 1
  },
  "vanilla_llada": {
    "total_time": 21.352875232696533,
    "total_tokens": 256,
    "throughput": 11.989017741648238,
    "avg_latency": 21.352875232696533,
    "num_prompts": 1,
    "accuracy": 100.0,
    "correct": 1,
    "total": 1
  },
  "comparison": {
    "throughput_speedup": 1.2361185283754372,
    "time_speedup": 1.2361185283754372,
    "accuracy_diff": 0.0
  }
}