{
  "blockinfer": {
    "total_time": 20.63384985923767,
    "total_tokens": 256,
    "throughput": 12.406797652711914,
    "avg_latency": 20.63384985923767,
    "num_prompts": 1,
    "accuracy": 0.0,
    "correct": 0,
    "total": 1
  },
  "vanilla_llada": {
    "total_time": 25.09437584877014,
    "total_tokens": 256,
    "throughput": 10.20148903255334,
    "avg_latency": 25.09437584877014,
    "num_prompts": 1,
    "accuracy": 0.0,
    "correct": 0,
    "total": 1
  },
  "comparison": {
    "throughput_speedup": 1.2161751694405933,
    "time_speedup": 1.2161751694405936,
    "accuracy_diff": 0.0
  }
}