{
  "blockinfer": {
    "total_time": 15.697420835494995,
    "total_tokens": 256,
    "throughput": 16.308411597218125,
    "avg_latency": 15.697420835494995,
    "num_prompts": 1,
    "accuracy": 0.0,
    "correct": 0,
    "total": 1
  },
  "vanilla_llada": {
    "total_time": 20.665717601776123,
    "total_tokens": 256,
    "throughput": 12.387665646703601,
    "avg_latency": 20.665717601776123,
    "num_prompts": 1,
    "accuracy": 0.0,
    "correct": 0,
    "total": 1
  },
  "comparison": {
    "throughput_speedup": 1.316504017975158,
    "time_speedup": 1.316504017975158,
    "accuracy_diff": 0.0
  }
}