{
  "blockinfer": {
    "total_time": 16.117432594299316,
    "total_tokens": 256,
    "throughput": 15.883423026726128,
    "avg_latency": 16.117432594299316,
    "num_prompts": 1,
    "accuracy": 0.0,
    "correct": 0,
    "total": 1
  },
  "vanilla_llada": {
    "total_time": 21.07305383682251,
    "total_tokens": 256,
    "throughput": 12.148215535456576,
    "avg_latency": 21.07305383682251,
    "num_prompts": 1,
    "accuracy": 0.0,
    "correct": 0,
    "total": 1
  },
  "comparison": {
    "throughput_speedup": 1.3074696427938517,
    "time_speedup": 1.3074696427938517,
    "accuracy_diff": 0.0
  }
}