{
  "blockinfer": {
    "total_time": 15.652568578720093,
    "total_tokens": 256,
    "throughput": 16.355143164683906,
    "avg_latency": 15.652568578720093,
    "num_prompts": 1,
    "accuracy": 0.0,
    "correct": 0,
    "total": 1
  },
  "vanilla_llada": {
    "total_time": 20.63253140449524,
    "total_tokens": 256,
    "throughput": 12.407590468720912,
    "avg_latency": 20.63253140449524,
    "num_prompts": 1,
    "accuracy": 0.0,
    "correct": 0,
    "total": 1
  },
  "comparison": {
    "throughput_speedup": 1.3181562694154543,
    "time_speedup": 1.3181562694154545,
    "accuracy_diff": 0.0
  }
}