{
  "blockinfer": {
    "total_time": 18.91794490814209,
    "total_tokens": 256,
    "throughput": 13.532125251608075,
    "avg_latency": 18.91794490814209,
    "num_prompts": 1,
    "accuracy": 0.0,
    "correct": 0,
    "total": 1
  },
  "vanilla_llada": {
    "total_time": 23.067490816116333,
    "total_tokens": 256,
    "throughput": 11.097869379930263,
    "avg_latency": 23.067490816116333,
    "num_prompts": 1,
    "accuracy": 0.0,
    "correct": 0,
    "total": 1
  },
  "comparison": {
    "throughput_speedup": 1.2193444334531454,
    "time_speedup": 1.2193444334531454,
    "accuracy_diff": 0.0
  }
}