{
  "blockinfer": {
    "total_time": 17.509073972702026,
    "total_tokens": 256,
    "throughput": 14.62099025905787,
    "avg_latency": 17.509073972702026,
    "num_prompts": 1,
    "accuracy": 0.0,
    "correct": 0,
    "total": 1
  },
  "vanilla_llada": {
    "total_time": 21.724016904830933,
    "total_tokens": 256,
    "throughput": 11.784192634423487,
    "avg_latency": 21.724016904830933,
    "num_prompts": 1,
    "accuracy": 0.0,
    "correct": 0,
    "total": 1
  },
  "comparison": {
    "throughput_speedup": 1.2407290607544592,
    "time_speedup": 1.2407290607544592,
    "accuracy_diff": 0.0
  }
}