{
  "blockinfer": {
    "total_time": 18.84597635269165,
    "total_tokens": 256,
    "throughput": 13.583801401907053,
    "avg_latency": 18.84597635269165,
    "num_prompts": 1,
    "accuracy": 0.0,
    "correct": 0,
    "total": 1
  },
  "vanilla_llada": {
    "total_time": 23.03480339050293,
    "total_tokens": 256,
    "throughput": 11.113617757447273,
    "avg_latency": 23.03480339050293,
    "num_prompts": 1,
    "accuracy": 0.0,
    "correct": 0,
    "total": 1
  },
  "comparison": {
    "throughput_speedup": 1.22226638511159,
    "time_speedup": 1.22226638511159,
    "accuracy_diff": 0.0
  }
}