{
  "blockinfer": {
    "total_time": 17.220701217651367,
    "total_tokens": 256,
    "throughput": 14.865829025452099,
    "avg_latency": 17.220701217651367,
    "num_prompts": 1,
    "accuracy": 0.0,
    "correct": 0,
    "total": 1
  },
  "vanilla_llada": {
    "total_time": 21.603700876235962,
    "total_tokens": 256,
    "throughput": 11.84982154060463,
    "avg_latency": 21.603700876235962,
    "num_prompts": 1,
    "accuracy": 0.0,
    "correct": 0,
    "total": 1
  },
  "comparison": {
    "throughput_speedup": 1.2545192325903651,
    "time_speedup": 1.2545192325903654,
    "accuracy_diff": 0.0
  }
}