{
  "blockinfer": {
    "total_time": 17.216886281967163,
    "total_tokens": 256,
    "throughput": 14.869123011408426,
    "avg_latency": 17.216886281967163,
    "num_prompts": 1,
    "accuracy": 100.0,
    "correct": 1,
    "total": 1
  },
  "vanilla_llada": {
    "total_time": 21.25457787513733,
    "total_tokens": 256,
    "throughput": 12.044464091637291,
    "avg_latency": 21.25457787513733,
    "num_prompts": 1,
    "accuracy": 100.0,
    "correct": 1,
    "total": 1
  },
  "comparison": {
    "throughput_speedup": 1.234519269456941,
    "time_speedup": 1.234519269456941,
    "accuracy_diff": 0.0
  }
}