{
  "blockinfer": {
    "total_time": 18.468040704727173,
    "total_tokens": 256,
    "throughput": 13.86178447909057,
    "avg_latency": 18.468040704727173,
    "num_prompts": 1,
    "accuracy": 0.0,
    "correct": 0,
    "total": 1
  },
  "vanilla_llada": {
    "total_time": 21.7205548286438,
    "total_tokens": 256,
    "throughput": 11.786070936935836,
    "avg_latency": 21.7205548286438,
    "num_prompts": 1,
    "accuracy": 0.0,
    "correct": 0,
    "total": 1
  },
  "comparison": {
    "throughput_speedup": 1.176115819534884,
    "time_speedup": 1.1761158195348842,
    "accuracy_diff": 0.0
  }
}