{
  "blockinfer": {
    "total_time": 20.36754012107849,
    "total_tokens": 256,
    "throughput": 12.569019060630893,
    "avg_latency": 20.36754012107849,
    "num_prompts": 1,
    "accuracy": 0.0,
    "correct": 0,
    "total": 1
  },
  "vanilla_llada": {
    "total_time": 25.019157648086548,
    "total_tokens": 256,
    "throughput": 10.232159035920969,
    "avg_latency": 25.019157648086548,
    "num_prompts": 1,
    "accuracy": 0.0,
    "correct": 0,
    "total": 1
  },
  "comparison": {
    "throughput_speedup": 1.2283838646864416,
    "time_speedup": 1.2283838646864413,
    "accuracy_diff": 0.0
  }
}