{
  "blockinfer": {
    "total_time": 17.224578142166138,
    "total_tokens": 256,
    "throughput": 14.86248301044346,
    "avg_latency": 17.224578142166138,
    "num_prompts": 1,
    "accuracy": 100.0,
    "correct": 1,
    "total": 1
  },
  "vanilla_llada": {
    "total_time": 21.353973150253296,
    "total_tokens": 256,
    "throughput": 11.988401324601432,
    "avg_latency": 21.353973150253296,
    "num_prompts": 1,
    "accuracy": 100.0,
    "correct": 1,
    "total": 1
  },
  "comparison": {
    "throughput_speedup": 1.2397385279340054,
    "time_speedup": 1.2397385279340056,
    "accuracy_diff": 0.0
  }
}