{
  "blockinfer": {
    "total_time": 21.622605562210083,
    "total_tokens": 256,
    "throughput": 11.839461218652216,
    "avg_latency": 21.622605562210083,
    "num_prompts": 1,
    "accuracy": 0.0,
    "correct": 0,
    "total": 1
  },
  "vanilla_llada": {
    "total_time": 25.37980628013611,
    "total_tokens": 256,
    "throughput": 10.086759417086737,
    "avg_latency": 25.37980628013611,
    "num_prompts": 1,
    "accuracy": 100.0,
    "correct": 1,
    "total": 1
  },
  "comparison": {
    "throughput_speedup": 1.1737626257444431,
    "time_speedup": 1.1737626257444431,
    "accuracy_diff": -100.0
  }
}