{
  "blockinfer": {
    "total_time": 17.23870086669922,
    "total_tokens": 256,
    "throughput": 14.850306991202963,
    "avg_latency": 17.23870086669922,
    "num_prompts": 1,
    "accuracy": 0.0,
    "correct": 0,
    "total": 1
  },
  "vanilla_llada": {
    "total_time": 21.351958513259888,
    "total_tokens": 256,
    "throughput": 11.98953247501957,
    "avg_latency": 21.351958513259888,
    "num_prompts": 1,
    "accuracy": 0.0,
    "correct": 0,
    "total": 1
  },
  "comparison": {
    "throughput_speedup": 1.2386060108802301,
    "time_speedup": 1.2386060108802304,
    "accuracy_diff": 0.0
  }
}