{
  "blockinfer": {
    "total_time": 15.84820008277893,
    "total_tokens": 256,
    "throughput": 16.153253912927077,
    "avg_latency": 15.84820008277893,
    "num_prompts": 1,
    "accuracy": 100.0,
    "correct": 1,
    "total": 1
  },
  "vanilla_llada": {
    "total_time": 20.50140357017517,
    "total_tokens": 256,
    "throughput": 12.486949936072726,
    "avg_latency": 20.50140357017517,
    "num_prompts": 1,
    "accuracy": 0.0,
    "correct": 0,
    "total": 1
  },
  "comparison": {
    "throughput_speedup": 1.2936108493766767,
    "time_speedup": 1.2936108493766767,
    "accuracy_diff": 100.0
  }
}