{
  "blockinfer": {
    "total_time": 17.556787729263306,
    "total_tokens": 256,
    "throughput": 14.581255064860429,
    "avg_latency": 17.556787729263306,
    "num_prompts": 1,
    "accuracy": 0.0,
    "correct": 0,
    "total": 1
  },
  "vanilla_llada": {
    "total_time": 21.61702013015747,
    "total_tokens": 256,
    "throughput": 11.842520313096232,
    "avg_latency": 21.61702013015747,
    "num_prompts": 1,
    "accuracy": 0.0,
    "correct": 0,
    "total": 1
  },
  "comparison": {
    "throughput_speedup": 1.2312628291408143,
    "time_speedup": 1.2312628291408143,
    "accuracy_diff": 0.0
  }
}