{
  "blockinfer": {
    "total_time": 17.468934297561646,
    "total_tokens": 256,
    "throughput": 14.65458600045986,
    "avg_latency": 17.468934297561646,
    "num_prompts": 1,
    "accuracy": 0.0,
    "correct": 0,
    "total": 1
  },
  "vanilla_llada": {
    "total_time": 21.63641667366028,
    "total_tokens": 256,
    "throughput": 11.831903769520627,
    "avg_latency": 21.63641667366028,
    "num_prompts": 1,
    "accuracy": 0.0,
    "correct": 0,
    "total": 1
  },
  "comparison": {
    "throughput_speedup": 1.238565347210696,
    "time_speedup": 1.238565347210696,
    "accuracy_diff": 0.0
  }
}