{
  "blockinfer": {
    "total_time": 15.720890522003174,
    "total_tokens": 256,
    "throughput": 16.2840648016535,
    "avg_latency": 15.720890522003174,
    "num_prompts": 1,
    "accuracy": 0.0,
    "correct": 0,
    "total": 1
  },
  "vanilla_llada": {
    "total_time": 20.723454236984253,
    "total_tokens": 256,
    "throughput": 12.353152957634247,
    "avg_latency": 20.723454236984253,
    "num_prompts": 1,
    "accuracy": 0.0,
    "correct": 0,
    "total": 1
  },
  "comparison": {
    "throughput_speedup": 1.3182112176138765,
    "time_speedup": 1.3182112176138765,
    "accuracy_diff": 0.0
  }
}