{
  "blockinfer": {
    "total_time": 17.535393714904785,
    "total_tokens": 256,
    "throughput": 14.599044889559815,
    "avg_latency": 17.535393714904785,
    "num_prompts": 1,
    "accuracy": 100.0,
    "correct": 1,
    "total": 1
  },
  "vanilla_llada": {
    "total_time": 21.673396348953247,
    "total_tokens": 256,
    "throughput": 11.811715887914538,
    "avg_latency": 21.673396348953247,
    "num_prompts": 1,
    "accuracy": 100.0,
    "correct": 1,
    "total": 1
  },
  "comparison": {
    "throughput_speedup": 1.2359800242483994,
    "time_speedup": 1.2359800242483994,
    "accuracy_diff": 0.0
  }
}