{
  "blockinfer": {
    "total_time": 18.652074575424194,
    "total_tokens": 256,
    "throughput": 13.725014821531074,
    "avg_latency": 18.652074575424194,
    "num_prompts": 1,
    "accuracy": 0.0,
    "correct": 0,
    "total": 1
  },
  "vanilla_llada": {
    "total_time": 21.989519834518433,
    "total_tokens": 256,
    "throughput": 11.64190950627942,
    "avg_latency": 21.989519834518433,
    "num_prompts": 1,
    "accuracy": 0.0,
    "correct": 0,
    "total": 1
  },
  "comparison": {
    "throughput_speedup": 1.178931584559051,
    "time_speedup": 1.178931584559051,
    "accuracy_diff": 0.0
  }
}