{
  "blockinfer": {
    "total_time": 15.878309726715088,
    "total_tokens": 256,
    "throughput": 16.122622899166824,
    "avg_latency": 15.878309726715088,
    "num_prompts": 1,
    "accuracy": 0.0,
    "correct": 0,
    "total": 1
  },
  "vanilla_llada": {
    "total_time": 20.58833646774292,
    "total_tokens": 256,
    "throughput": 12.434224610671764,
    "avg_latency": 20.58833646774292,
    "num_prompts": 1,
    "accuracy": 0.0,
    "correct": 0,
    "total": 1
  },
  "comparison": {
    "throughput_speedup": 1.2966327538694664,
    "time_speedup": 1.2966327538694664,
    "accuracy_diff": 0.0
  }
}