{
  "blockinfer": {
    "total_time": 17.14895272254944,
    "total_tokens": 256,
    "throughput": 14.928025293543518,
    "avg_latency": 17.14895272254944,
    "num_prompts": 1,
    "accuracy": 100.0,
    "correct": 1,
    "total": 1
  },
  "vanilla_llada": {
    "total_time": 21.461881399154663,
    "total_tokens": 256,
    "throughput": 11.928124810627427,
    "avg_latency": 21.461881399154663,
    "num_prompts": 1,
    "accuracy": 100.0,
    "correct": 1,
    "total": 1
  },
  "comparison": {
    "throughput_speedup": 1.2514980795844217,
    "time_speedup": 1.2514980795844217,
    "accuracy_diff": 0.0
  }
}