{
  "blockinfer": {
    "total_time": 17.10951256752014,
    "total_tokens": 256,
    "throughput": 14.962436772510856,
    "avg_latency": 17.10951256752014,
    "num_prompts": 1,
    "accuracy": 0.0,
    "correct": 0,
    "total": 1
  },
  "vanilla_llada": {
    "total_time": 21.280516386032104,
    "total_tokens": 256,
    "throughput": 12.029783270110435,
    "avg_latency": 21.280516386032104,
    "num_prompts": 1,
    "accuracy": 0.0,
    "correct": 0,
    "total": 1
  },
  "comparison": {
    "throughput_speedup": 1.24378273793901,
    "time_speedup": 1.24378273793901,
    "accuracy_diff": 0.0
  }
}