{
  "blockinfer": {
    "total_time": 18.777311086654663,
    "total_tokens": 256,
    "throughput": 13.633474932518071,
    "avg_latency": 18.777311086654663,
    "num_prompts": 1,
    "accuracy": 0.0,
    "correct": 0,
    "total": 1
  },
  "vanilla_llada": {
    "total_time": 22.158105611801147,
    "total_tokens": 256,
    "throughput": 11.553334228340233,
    "avg_latency": 22.158105611801147,
    "num_prompts": 1,
    "accuracy": 100.0,
    "correct": 1,
    "total": 1
  },
  "comparison": {
    "throughput_speedup": 1.180046786760074,
    "time_speedup": 1.180046786760074,
    "accuracy_diff": -100.0
  }
}