{
  "blockinfer": {
    "total_time": 18.877399682998657,
    "total_tokens": 256,
    "throughput": 13.561189798325795,
    "avg_latency": 18.877399682998657,
    "num_prompts": 1,
    "accuracy": 0.0,
    "correct": 0,
    "total": 1
  },
  "vanilla_llada": {
    "total_time": 23.063063144683838,
    "total_tokens": 256,
    "throughput": 11.099999960716813,
    "avg_latency": 23.063063144683838,
    "num_prompts": 1,
    "accuracy": 0.0,
    "correct": 0,
    "total": 1
  },
  "comparison": {
    "throughput_speedup": 1.2217288149837113,
    "time_speedup": 1.2217288149837113,
    "accuracy_diff": 0.0
  }
}