{
  "blockinfer": {
    "total_time": 18.845669507980347,
    "total_tokens": 256,
    "throughput": 13.584022573015769,
    "avg_latency": 18.845669507980347,
    "num_prompts": 1,
    "accuracy": 0.0,
    "correct": 0,
    "total": 1
  },
  "vanilla_llada": {
    "total_time": 23.264941930770874,
    "total_tokens": 256,
    "throughput": 11.00368102193314,
    "avg_latency": 23.264941930770874,
    "num_prompts": 1,
    "accuracy": 100.0,
    "correct": 1,
    "total": 1
  },
  "comparison": {
    "throughput_speedup": 1.234498032607393,
    "time_speedup": 1.234498032607393,
    "accuracy_diff": -100.0
  }
}