{
  "blockinfer": {
    "total_time": 28.58027410507202,
    "total_tokens": 256,
    "throughput": 8.957226899183894,
    "avg_latency": 28.58027410507202,
    "num_prompts": 1,
    "accuracy": 0.0,
    "correct": 0,
    "total": 1
  },
  "vanilla_llada": {
    "total_time": 31.642646551132202,
    "total_tokens": 256,
    "throughput": 8.090347297161845,
    "avg_latency": 31.642646551132202,
    "num_prompts": 1,
    "accuracy": 0.0,
    "correct": 0,
    "total": 1
  },
  "comparison": {
    "throughput_speedup": 1.1071498626920697,
    "time_speedup": 1.1071498626920697,
    "accuracy_diff": 0.0
  }
}