{
  "blockinfer": {
    "total_time": 16.98776602745056,
    "total_tokens": 256,
    "throughput": 15.069668347581969,
    "avg_latency": 16.98776602745056,
    "num_prompts": 1,
    "accuracy": 0.0,
    "correct": 0,
    "total": 1
  },
  "vanilla_llada": {
    "total_time": 21.185285806655884,
    "total_tokens": 256,
    "throughput": 12.083858690241094,
    "avg_latency": 21.185285806655884,
    "num_prompts": 1,
    "accuracy": 0.0,
    "correct": 0,
    "total": 1
  },
  "comparison": {
    "throughput_speedup": 1.2470907459181237,
    "time_speedup": 1.2470907459181237,
    "accuracy_diff": 0.0
  }
}