{
  "blockinfer": {
    "total_time": 19.502100229263306,
    "total_tokens": 256,
    "throughput": 13.126791319422443,
    "avg_latency": 19.502100229263306,
    "num_prompts": 1,
    "accuracy": 0.0,
    "correct": 0,
    "total": 1
  },
  "vanilla_llada": {
    "total_time": 23.790276288986206,
    "total_tokens": 256,
    "throughput": 10.760698904472838,
    "avg_latency": 23.790276288986206,
    "num_prompts": 1,
    "accuracy": 0.0,
    "correct": 0,
    "total": 1
  },
  "comparison": {
    "throughput_speedup": 1.219882782331741,
    "time_speedup": 1.219882782331741,
    "accuracy_diff": 0.0
  }
}