{
  "blockinfer": {
    "total_time": 15.859753608703613,
    "total_tokens": 256,
    "throughput": 16.141486577667308,
    "avg_latency": 15.859753608703613,
    "num_prompts": 1,
    "accuracy": 0.0,
    "correct": 0,
    "total": 1
  },
  "vanilla_llada": {
    "total_time": 20.47551703453064,
    "total_tokens": 256,
    "throughput": 12.50273678404665,
    "avg_latency": 20.47551703453064,
    "num_prompts": 1,
    "accuracy": 0.0,
    "correct": 0,
    "total": 1
  },
  "comparison": {
    "throughput_speedup": 1.291036263217479,
    "time_speedup": 1.291036263217479,
    "accuracy_diff": 0.0
  }
}