{
  "blockinfer": {
    "total_time": 17.140889644622803,
    "total_tokens": 256,
    "throughput": 14.935047439635591,
    "avg_latency": 17.140889644622803,
    "num_prompts": 1,
    "accuracy": 100.0,
    "correct": 1,
    "total": 1
  },
  "vanilla_llada": {
    "total_time": 21.255608320236206,
    "total_tokens": 256,
    "throughput": 12.043880191200058,
    "avg_latency": 21.255608320236206,
    "num_prompts": 1,
    "accuracy": 100.0,
    "correct": 1,
    "total": 1
  },
  "comparison": {
    "throughput_speedup": 1.2400528071134405,
    "time_speedup": 1.2400528071134402,
    "accuracy_diff": 0.0
  }
}