{
  "blockinfer": {
    "total_time": 17.13382887840271,
    "total_tokens": 256,
    "throughput": 14.94120209888926,
    "avg_latency": 17.13382887840271,
    "num_prompts": 1,
    "accuracy": 0.0,
    "correct": 0,
    "total": 1
  },
  "vanilla_llada": {
    "total_time": 21.323397874832153,
    "total_tokens": 256,
    "throughput": 12.005591299412693,
    "avg_latency": 21.323397874832153,
    "num_prompts": 1,
    "accuracy": 0.0,
    "correct": 0,
    "total": 1
  },
  "comparison": {
    "throughput_speedup": 1.2445203011050505,
    "time_speedup": 1.2445203011050507,
    "accuracy_diff": 0.0
  }
}