{
  "blockinfer": {
    "total_time": 17.322299242019653,
    "total_tokens": 256,
    "throughput": 14.77863858736528,
    "avg_latency": 17.322299242019653,
    "num_prompts": 1,
    "accuracy": 100.0,
    "correct": 1,
    "total": 1
  },
  "vanilla_llada": {
    "total_time": 21.406441926956177,
    "total_tokens": 256,
    "throughput": 11.95901686387361,
    "avg_latency": 21.406441926956177,
    "num_prompts": 1,
    "accuracy": 0.0,
    "correct": 0,
    "total": 1
  },
  "comparison": {
    "throughput_speedup": 1.2357737057808929,
    "time_speedup": 1.2357737057808929,
    "accuracy_diff": 100.0
  }
}