{
  "blockinfer": {
    "total_time": 15.790081977844238,
    "total_tokens": 256,
    "throughput": 16.212708734457802,
    "avg_latency": 15.790081977844238,
    "num_prompts": 1,
    "accuracy": 0.0,
    "correct": 0,
    "total": 1
  },
  "vanilla_llada": {
    "total_time": 20.84070611000061,
    "total_tokens": 256,
    "throughput": 12.283652897785261,
    "avg_latency": 20.84070611000061,
    "num_prompts": 1,
    "accuracy": 0.0,
    "correct": 0,
    "total": 1
  },
  "comparison": {
    "throughput_speedup": 1.319860538991699,
    "time_speedup": 1.319860538991699,
    "accuracy_diff": 0.0
  }
}