{
  "blockinfer": {
    "total_time": 19.307186603546143,
    "total_tokens": 256,
    "throughput": 13.25931142929859,
    "avg_latency": 19.307186603546143,
    "num_prompts": 1,
    "accuracy": 100.0,
    "correct": 1,
    "total": 1
  },
  "vanilla_llada": {
    "total_time": 23.453028202056885,
    "total_tokens": 256,
    "throughput": 10.915434791382214,
    "avg_latency": 23.453028202056885,
    "num_prompts": 1,
    "accuracy": 100.0,
    "correct": 1,
    "total": 1
  },
  "comparison": {
    "throughput_speedup": 1.2147304878562306,
    "time_speedup": 1.2147304878562306,
    "accuracy_diff": 0.0
  }
}