{
  "blockinfer": {
    "total_time": 15.75328516960144,
    "total_tokens": 256,
    "throughput": 16.25057867256756,
    "avg_latency": 15.75328516960144,
    "num_prompts": 1,
    "accuracy": 0.0,
    "correct": 0,
    "total": 1
  },
  "vanilla_llada": {
    "total_time": 20.78032159805298,
    "total_tokens": 256,
    "throughput": 12.319347359089285,
    "avg_latency": 20.78032159805298,
    "num_prompts": 1,
    "accuracy": 0.0,
    "correct": 0,
    "total": 1
  },
  "comparison": {
    "throughput_speedup": 1.3191103553531827,
    "time_speedup": 1.3191103553531827,
    "accuracy_diff": 0.0
  }
}