{
  "blockinfer": {
    "total_time": 20.389178037643433,
    "total_tokens": 256,
    "throughput": 12.555680249952259,
    "avg_latency": 20.389178037643433,
    "num_prompts": 1,
    "accuracy": 100.0,
    "correct": 1,
    "total": 1
  },
  "vanilla_llada": {
    "total_time": 24.95127773284912,
    "total_tokens": 256,
    "throughput": 10.259995609882862,
    "avg_latency": 24.95127773284912,
    "num_prompts": 1,
    "accuracy": 100.0,
    "correct": 1,
    "total": 1
  },
  "comparison": {
    "throughput_speedup": 1.2237510353179972,
    "time_speedup": 1.2237510353179972,
    "accuracy_diff": 0.0
  }
}