{
  "blockinfer": {
    "total_time": 17.4948468208313,
    "total_tokens": 256,
    "throughput": 14.632880334521026,
    "avg_latency": 17.4948468208313,
    "num_prompts": 1,
    "accuracy": 0.0,
    "correct": 0,
    "total": 1
  },
  "vanilla_llada": {
    "total_time": 21.573405742645264,
    "total_tokens": 256,
    "throughput": 11.866462025230982,
    "avg_latency": 21.573405742645264,
    "num_prompts": 1,
    "accuracy": 0.0,
    "correct": 0,
    "total": 1
  },
  "comparison": {
    "throughput_speedup": 1.233129158750769,
    "time_speedup": 1.233129158750769,
    "accuracy_diff": 0.0
  }
}