{
  "blockinfer": {
    "total_time": 15.880777597427368,
    "total_tokens": 256,
    "throughput": 16.120117445727036,
    "avg_latency": 15.880777597427368,
    "num_prompts": 1,
    "accuracy": 0.0,
    "correct": 0,
    "total": 1
  },
  "vanilla_llada": {
    "total_time": 20.564215660095215,
    "total_tokens": 256,
    "throughput": 12.448809341013042,
    "avg_latency": 20.564215660095215,
    "num_prompts": 1,
    "accuracy": 0.0,
    "correct": 0,
    "total": 1
  },
  "comparison": {
    "throughput_speedup": 1.2949123891406016,
    "time_speedup": 1.2949123891406016,
    "accuracy_diff": 0.0
  }
}