{
  "blockinfer": {
    "total_time": 19.260908603668213,
    "total_tokens": 256,
    "throughput": 13.291169449360513,
    "avg_latency": 19.260908603668213,
    "num_prompts": 1,
    "accuracy": 0.0,
    "correct": 0,
    "total": 1
  },
  "vanilla_llada": {
    "total_time": 23.560017585754395,
    "total_tokens": 256,
    "throughput": 10.865866252782038,
    "avg_latency": 23.560017585754395,
    "num_prompts": 1,
    "accuracy": 100.0,
    "correct": 1,
    "total": 1
  },
  "comparison": {
    "throughput_speedup": 1.223203851414747,
    "time_speedup": 1.223203851414747,
    "accuracy_diff": -100.0
  }
}