{
  "blockinfer": {
    "total_time": 17.46207904815674,
    "total_tokens": 256,
    "throughput": 14.660339086428706,
    "avg_latency": 17.46207904815674,
    "num_prompts": 1,
    "accuracy": 0.0,
    "correct": 0,
    "total": 1
  },
  "vanilla_llada": {
    "total_time": 21.652458906173706,
    "total_tokens": 256,
    "throughput": 11.823137552613362,
    "avg_latency": 21.652458906173706,
    "num_prompts": 1,
    "accuracy": 0.0,
    "correct": 0,
    "total": 1
  },
  "comparison": {
    "throughput_speedup": 1.2399702719510537,
    "time_speedup": 1.2399702719510537,
    "accuracy_diff": 0.0
  }
}