{
  "blockinfer": {
    "total_time": 19.86226463317871,
    "total_tokens": 256,
    "throughput": 12.888761917529157,
    "avg_latency": 19.86226463317871,
    "num_prompts": 1,
    "accuracy": 0.0,
    "correct": 0,
    "total": 1
  },
  "vanilla_llada": {
    "total_time": 24.928549766540527,
    "total_tokens": 256,
    "throughput": 10.269349897907299,
    "avg_latency": 24.928549766540527,
    "num_prompts": 1,
    "accuracy": 0.0,
    "correct": 0,
    "total": 1
  },
  "comparison": {
    "throughput_speedup": 1.2550708706649139,
    "time_speedup": 1.2550708706649136,
    "accuracy_diff": 0.0
  }
}