{
  "blockinfer": {
    "total_time": 15.759583473205566,
    "total_tokens": 256,
    "throughput": 16.24408414316603,
    "avg_latency": 15.759583473205566,
    "num_prompts": 1,
    "accuracy": 0.0,
    "correct": 0,
    "total": 1
  },
  "vanilla_llada": {
    "total_time": 20.74696707725525,
    "total_tokens": 256,
    "throughput": 12.339152949283415,
    "avg_latency": 20.74696707725525,
    "num_prompts": 1,
    "accuracy": 0.0,
    "correct": 0,
    "total": 1
  },
  "comparison": {
    "throughput_speedup": 1.3164667145251159,
    "time_speedup": 1.316466714525116,
    "accuracy_diff": 0.0
  }
}