{
  "blockinfer": {
    "total_time": 27.38913083076477,
    "total_tokens": 256,
    "throughput": 9.346773418324346,
    "avg_latency": 27.38913083076477,
    "num_prompts": 1,
    "accuracy": 100.0,
    "correct": 1,
    "total": 1
  },
  "vanilla_llada": {
    "total_time": 32.061983823776245,
    "total_tokens": 256,
    "throughput": 7.984534001609649,
    "avg_latency": 32.061983823776245,
    "num_prompts": 1,
    "accuracy": 100.0,
    "correct": 1,
    "total": 1
  },
  "comparison": {
    "throughput_speedup": 1.170609758370379,
    "time_speedup": 1.170609758370379,
    "accuracy_diff": 0.0
  }
}