{
  "blockinfer": {
    "total_time": 17.655237197875977,
    "total_tokens": 256,
    "throughput": 14.499946793736548,
    "avg_latency": 17.655237197875977,
    "num_prompts": 1,
    "accuracy": 100.0,
    "correct": 1,
    "total": 1
  },
  "vanilla_llada": {
    "total_time": 21.630688190460205,
    "total_tokens": 256,
    "throughput": 11.835037227937288,
    "avg_latency": 21.630688190460205,
    "num_prompts": 1,
    "accuracy": 100.0,
    "correct": 1,
    "total": 1
  },
  "comparison": {
    "throughput_speedup": 1.2251712026311659,
    "time_speedup": 1.2251712026311659,
    "accuracy_diff": 0.0
  }
}