{
  "blockinfer": {
    "total_time": 23.41518521308899,
    "total_tokens": 256,
    "throughput": 10.933076021832921,
    "avg_latency": 23.41518521308899,
    "num_prompts": 1,
    "accuracy": 100.0,
    "correct": 1,
    "total": 1
  },
  "vanilla_llada": {
    "total_time": 26.23665738105774,
    "total_tokens": 256,
    "throughput": 9.757340513385142,
    "avg_latency": 26.23665738105774,
    "num_prompts": 1,
    "accuracy": 0.0,
    "correct": 0,
    "total": 1
  },
  "comparison": {
    "throughput_speedup": 1.1204975379136255,
    "time_speedup": 1.1204975379136253,
    "accuracy_diff": 100.0
  }
}