{
  "blockinfer": {
    "total_time": 15.642399072647095,
    "total_tokens": 256,
    "throughput": 16.36577604311678,
    "avg_latency": 15.642399072647095,
    "num_prompts": 1,
    "accuracy": 0.0,
    "correct": 0,
    "total": 1
  },
  "vanilla_llada": {
    "total_time": 20.416122436523438,
    "total_tokens": 256,
    "throughput": 12.539109754848875,
    "avg_latency": 20.416122436523438,
    "num_prompts": 1,
    "accuracy": 0.0,
    "correct": 0,
    "total": 1
  },
  "comparison": {
    "throughput_speedup": 1.3051784666601338,
    "time_speedup": 1.305178466660134,
    "accuracy_diff": 0.0
  }
}