{
  "blockinfer": {
    "total_time": 19.274091243743896,
    "total_tokens": 256,
    "throughput": 13.282078867562385,
    "avg_latency": 19.274091243743896,
    "num_prompts": 1,
    "accuracy": 0.0,
    "correct": 0,
    "total": 1
  },
  "vanilla_llada": {
    "total_time": 23.581537008285522,
    "total_tokens": 256,
    "throughput": 10.855950564632526,
    "avg_latency": 23.581537008285522,
    "num_prompts": 1,
    "accuracy": 0.0,
    "correct": 0,
    "total": 1
  },
  "comparison": {
    "throughput_speedup": 1.2234837279780837,
    "time_speedup": 1.2234837279780837,
    "accuracy_diff": 0.0
  }
}