{
  "blockinfer": {
    "total_time": 21.594653606414795,
    "total_tokens": 256,
    "throughput": 11.854786127430819,
    "avg_latency": 21.594653606414795,
    "num_prompts": 1,
    "accuracy": 0.0,
    "correct": 0,
    "total": 1
  },
  "vanilla_llada": {
    "total_time": 25.354721546173096,
    "total_tokens": 256,
    "throughput": 10.096738768509145,
    "avg_latency": 25.354721546173096,
    "num_prompts": 1,
    "accuracy": 0.0,
    "correct": 0,
    "total": 1
  },
  "comparison": {
    "throughput_speedup": 1.1741203173845471,
    "time_speedup": 1.1741203173845471,
    "accuracy_diff": 0.0
  }
}