{
  "blockinfer": {
    "total_time": 17.236534357070923,
    "total_tokens": 256,
    "throughput": 14.852173569043561,
    "avg_latency": 17.236534357070923,
    "num_prompts": 1,
    "accuracy": 100.0,
    "correct": 1,
    "total": 1
  },
  "vanilla_llada": {
    "total_time": 21.331863403320312,
    "total_tokens": 256,
    "throughput": 12.00082689260768,
    "avg_latency": 21.331863403320312,
    "num_prompts": 1,
    "accuracy": 0.0,
    "correct": 0,
    "total": 1
  },
  "comparison": {
    "throughput_speedup": 1.2375958508485998,
    "time_speedup": 1.2375958508485998,
    "accuracy_diff": 100.0
  }
}