{
  "blockinfer": {
    "total_time": 21.86830997467041,
    "total_tokens": 256,
    "throughput": 11.706437319414224,
    "avg_latency": 21.86830997467041,
    "num_prompts": 1,
    "accuracy": 0.0,
    "correct": 0,
    "total": 1
  },
  "vanilla_llada": {
    "total_time": 25.43253183364868,
    "total_tokens": 256,
    "throughput": 10.065848012084173,
    "avg_latency": 25.43253183364868,
    "num_prompts": 1,
    "accuracy": 0.0,
    "correct": 0,
    "total": 1
  },
  "comparison": {
    "throughput_speedup": 1.162985702283653,
    "time_speedup": 1.162985702283653,
    "accuracy_diff": 0.0
  }
}