{
  "blockinfer": {
    "total_time": 15.77998685836792,
    "total_tokens": 256,
    "throughput": 16.223080684268538,
    "avg_latency": 15.77998685836792,
    "num_prompts": 1,
    "accuracy": 0.0,
    "correct": 0,
    "total": 1
  },
  "vanilla_llada": {
    "total_time": 20.816413640975952,
    "total_tokens": 256,
    "throughput": 12.297987752130283,
    "avg_latency": 20.816413640975952,
    "num_prompts": 1,
    "accuracy": 0.0,
    "correct": 0,
    "total": 1
  },
  "comparison": {
    "throughput_speedup": 1.31916546115102,
    "time_speedup": 1.31916546115102,
    "accuracy_diff": 0.0
  }
}