{
  "blockinfer": {
    "total_time": 18.77773404121399,
    "total_tokens": 256,
    "throughput": 13.633167848587203,
    "avg_latency": 18.77773404121399,
    "num_prompts": 1,
    "accuracy": 100.0,
    "correct": 1,
    "total": 1
  },
  "vanilla_llada": {
    "total_time": 23.172488689422607,
    "total_tokens": 256,
    "throughput": 11.047583340362342,
    "avg_latency": 23.172488689422607,
    "num_prompts": 1,
    "accuracy": 100.0,
    "correct": 1,
    "total": 1
  },
  "comparison": {
    "throughput_speedup": 1.2340407334858863,
    "time_speedup": 1.2340407334858863,
    "accuracy_diff": 0.0
  }
}