{
  "blockinfer": {
    "total_time": 15.707772493362427,
    "total_tokens": 256,
    "throughput": 16.29766410916487,
    "avg_latency": 15.707772493362427,
    "num_prompts": 1,
    "accuracy": 0.0,
    "correct": 0,
    "total": 1
  },
  "vanilla_llada": {
    "total_time": 20.73871111869812,
    "total_tokens": 256,
    "throughput": 12.344065093282929,
    "avg_latency": 20.73871111869812,
    "num_prompts": 1,
    "accuracy": 0.0,
    "correct": 0,
    "total": 1
  },
  "comparison": {
    "throughput_speedup": 1.3202833901154092,
    "time_speedup": 1.3202833901154092,
    "accuracy_diff": 0.0
  }
}