{
  "blockinfer": {
    "total_time": 17.208349466323853,
    "total_tokens": 256,
    "throughput": 14.876499370319227,
    "avg_latency": 17.208349466323853,
    "num_prompts": 1,
    "accuracy": 0.0,
    "correct": 0,
    "total": 1
  },
  "vanilla_llada": {
    "total_time": 21.45225501060486,
    "total_tokens": 256,
    "throughput": 11.933477383773742,
    "avg_latency": 21.45225501060486,
    "num_prompts": 1,
    "accuracy": 0.0,
    "correct": 0,
    "total": 1
  },
  "comparison": {
    "throughput_speedup": 1.246618977176526,
    "time_speedup": 1.246618977176526,
    "accuracy_diff": 0.0
  }
}