{
  "blockinfer": {
    "total_time": 15.663383722305298,
    "total_tokens": 256,
    "throughput": 16.34385037987964,
    "avg_latency": 15.663383722305298,
    "num_prompts": 1,
    "accuracy": 0.0,
    "correct": 0,
    "total": 1
  },
  "vanilla_llada": {
    "total_time": 20.596356868743896,
    "total_tokens": 256,
    "throughput": 12.429382615160163,
    "avg_latency": 20.596356868743896,
    "num_prompts": 1,
    "accuracy": 0.0,
    "correct": 0,
    "total": 1
  },
  "comparison": {
    "throughput_speedup": 1.3149366212240492,
    "time_speedup": 1.314936621224049,
    "accuracy_diff": 0.0
  }
}