{
  "blockinfer": {
    "total_time": 17.261614561080933,
    "total_tokens": 256,
    "throughput": 14.830594154106123,
    "avg_latency": 17.261614561080933,
    "num_prompts": 1,
    "accuracy": 100.0,
    "correct": 1,
    "total": 1
  },
  "vanilla_llada": {
    "total_time": 21.578632831573486,
    "total_tokens": 256,
    "throughput": 11.863587558959026,
    "avg_latency": 21.578632831573486,
    "num_prompts": 1,
    "accuracy": 100.0,
    "correct": 1,
    "total": 1
  },
  "comparison": {
    "throughput_speedup": 1.2500935387716259,
    "time_speedup": 1.2500935387716257,
    "accuracy_diff": 0.0
  }
}