{
  "blockinfer": {
    "total_time": 15.75330400466919,
    "total_tokens": 256,
    "throughput": 16.25055924294504,
    "avg_latency": 15.75330400466919,
    "num_prompts": 1,
    "accuracy": 0.0,
    "correct": 0,
    "total": 1
  },
  "vanilla_llada": {
    "total_time": 20.799044370651245,
    "total_tokens": 256,
    "throughput": 12.308257794825998,
    "avg_latency": 20.799044370651245,
    "num_prompts": 1,
    "accuracy": 0.0,
    "correct": 0,
    "total": 1
  },
  "comparison": {
    "throughput_speedup": 1.3202972763355885,
    "time_speedup": 1.3202972763355882,
    "accuracy_diff": 0.0
  }
}