{
  "blockinfer": {
    "total_time": 27.352879762649536,
    "total_tokens": 256,
    "throughput": 9.359160798475376,
    "avg_latency": 27.352879762649536,
    "num_prompts": 1,
    "accuracy": 100.0,
    "correct": 1,
    "total": 1
  },
  "vanilla_llada": {
    "total_time": 31.951512336730957,
    "total_tokens": 256,
    "throughput": 8.012140311296202,
    "avg_latency": 31.951512336730957,
    "num_prompts": 1,
    "accuracy": 0.0,
    "correct": 0,
    "total": 1
  },
  "comparison": {
    "throughput_speedup": 1.1681224285700575,
    "time_speedup": 1.1681224285700575,
    "accuracy_diff": 100.0
  }
}