{
  "blockinfer": {
    "total_time": 18.810476779937744,
    "total_tokens": 256,
    "throughput": 13.609437070358366,
    "avg_latency": 18.810476779937744,
    "num_prompts": 1,
    "accuracy": 100.0,
    "correct": 1,
    "total": 1
  },
  "vanilla_llada": {
    "total_time": 23.1726291179657,
    "total_tokens": 256,
    "throughput": 11.047516390858025,
    "avg_latency": 23.1726291179657,
    "num_prompts": 1,
    "accuracy": 100.0,
    "correct": 1,
    "total": 1
  },
  "comparison": {
    "throughput_speedup": 1.2319001474051097,
    "time_speedup": 1.2319001474051097,
    "accuracy_diff": 0.0
  }
}