{
  "blockinfer": {
    "total_time": 17.09727954864502,
    "total_tokens": 256,
    "throughput": 14.973142321948425,
    "avg_latency": 17.09727954864502,
    "num_prompts": 1,
    "accuracy": 0.0,
    "correct": 0,
    "total": 1
  },
  "vanilla_llada": {
    "total_time": 21.376375675201416,
    "total_tokens": 256,
    "throughput": 11.975837433329907,
    "avg_latency": 21.376375675201416,
    "num_prompts": 1,
    "accuracy": 0.0,
    "correct": 0,
    "total": 1
  },
  "comparison": {
    "throughput_speedup": 1.2502793566883874,
    "time_speedup": 1.2502793566883874,
    "accuracy_diff": 0.0
  }
}