{
  "blockinfer": {
    "total_time": 22.047550201416016,
    "total_tokens": 256,
    "throughput": 11.611267359017432,
    "avg_latency": 22.047550201416016,
    "num_prompts": 1,
    "accuracy": 100.0,
    "correct": 1,
    "total": 1
  },
  "vanilla_llada": {
    "total_time": 25.54466199874878,
    "total_tokens": 256,
    "throughput": 10.021663234868377,
    "avg_latency": 25.54466199874878,
    "num_prompts": 1,
    "accuracy": 100.0,
    "correct": 1,
    "total": 1
  },
  "comparison": {
    "throughput_speedup": 1.1586167971218935,
    "time_speedup": 1.1586167971218935,
    "accuracy_diff": 0.0
  }
}