{
  "blockinfer": {
    "total_time": 17.18985676765442,
    "total_tokens": 256,
    "throughput": 14.892503379185024,
    "avg_latency": 17.18985676765442,
    "num_prompts": 1,
    "accuracy": 100.0,
    "correct": 1,
    "total": 1
  },
  "vanilla_llada": {
    "total_time": 21.28421688079834,
    "total_tokens": 256,
    "throughput": 12.027691760224059,
    "avg_latency": 21.28421688079834,
    "num_prompts": 1,
    "accuracy": 100.0,
    "correct": 1,
    "total": 1
  },
  "comparison": {
    "throughput_speedup": 1.238184655549204,
    "time_speedup": 1.238184655549204,
    "accuracy_diff": 0.0
  }
}