{
  "blockinfer": {
    "total_time": 16.012903690338135,
    "total_tokens": 256,
    "throughput": 15.987106707852448,
    "avg_latency": 16.012903690338135,
    "num_prompts": 1,
    "accuracy": 0.0,
    "correct": 0,
    "total": 1
  },
  "vanilla_llada": {
    "total_time": 20.90366554260254,
    "total_tokens": 256,
    "throughput": 12.246655950281129,
    "avg_latency": 20.90366554260254,
    "num_prompts": 1,
    "accuracy": 0.0,
    "correct": 0,
    "total": 1
  },
  "comparison": {
    "throughput_speedup": 1.305426295370489,
    "time_speedup": 1.3054262953704887,
    "accuracy_diff": 0.0
  }
}