{
  "blockinfer": {
    "total_time": 17.231078147888184,
    "total_tokens": 256,
    "throughput": 14.856876499708465,
    "avg_latency": 17.231078147888184,
    "num_prompts": 1,
    "accuracy": 0.0,
    "correct": 0,
    "total": 1
  },
  "vanilla_llada": {
    "total_time": 21.211145162582397,
    "total_tokens": 256,
    "throughput": 12.069126774522188,
    "avg_latency": 21.211145162582397,
    "num_prompts": 1,
    "accuracy": 0.0,
    "correct": 0,
    "total": 1
  },
  "comparison": {
    "throughput_speedup": 1.2309818910073254,
    "time_speedup": 1.2309818910073254,
    "accuracy_diff": 0.0
  }
}