{
  "blockinfer": {
    "total_time": 17.5140061378479,
    "total_tokens": 256,
    "throughput": 14.616872803691786,
    "avg_latency": 17.5140061378479,
    "num_prompts": 1,
    "accuracy": 0.0,
    "correct": 0,
    "total": 1
  },
  "vanilla_llada": {
    "total_time": 21.716700077056885,
    "total_tokens": 256,
    "throughput": 11.78816298478318,
    "avg_latency": 21.716700077056885,
    "num_prompts": 1,
    "accuracy": 100.0,
    "correct": 1,
    "total": 1
  },
  "comparison": {
    "throughput_speedup": 1.2399618857119692,
    "time_speedup": 1.2399618857119692,
    "accuracy_diff": -100.0
  }
}