{
  "blockinfer": {
    "total_time": 23.61604118347168,
    "total_tokens": 256,
    "throughput": 10.840089497268004,
    "avg_latency": 23.61604118347168,
    "num_prompts": 1,
    "accuracy": 0.0,
    "correct": 0,
    "total": 1
  },
  "vanilla_llada": {
    "total_time": 26.252281665802002,
    "total_tokens": 256,
    "throughput": 9.75153334323252,
    "avg_latency": 26.252281665802002,
    "num_prompts": 1,
    "accuracy": 0.0,
    "correct": 0,
    "total": 1
  },
  "comparison": {
    "throughput_speedup": 1.1116292295499284,
    "time_speedup": 1.1116292295499284,
    "accuracy_diff": 0.0
  }
}