{
  "blockinfer": {
    "total_time": 18.897136688232422,
    "total_tokens": 256,
    "throughput": 13.547025891992181,
    "avg_latency": 18.897136688232422,
    "num_prompts": 1,
    "accuracy": 100.0,
    "correct": 1,
    "total": 1
  },
  "vanilla_llada": {
    "total_time": 22.149508953094482,
    "total_tokens": 256,
    "throughput": 11.557818303878674,
    "avg_latency": 22.149508953094482,
    "num_prompts": 1,
    "accuracy": 100.0,
    "correct": 1,
    "total": 1
  },
  "comparison": {
    "throughput_speedup": 1.1721092628222016,
    "time_speedup": 1.1721092628222014,
    "accuracy_diff": 0.0
  }
}