{
  "blockinfer": {
    "total_time": 15.902705192565918,
    "total_tokens": 256,
    "throughput": 16.09789006965136,
    "avg_latency": 15.902705192565918,
    "num_prompts": 1,
    "accuracy": 100.0,
    "correct": 1,
    "total": 1
  },
  "vanilla_llada": {
    "total_time": 20.574823141098022,
    "total_tokens": 256,
    "throughput": 12.442391278136546,
    "avg_latency": 20.574823141098022,
    "num_prompts": 1,
    "accuracy": 100.0,
    "correct": 1,
    "total": 1
  },
  "comparison": {
    "throughput_speedup": 1.2937939106559173,
    "time_speedup": 1.2937939106559173,
    "accuracy_diff": 0.0
  }
}