{
  "blockinfer": {
    "total_time": 15.74868893623352,
    "total_tokens": 256,
    "throughput": 16.255321381769914,
    "avg_latency": 15.74868893623352,
    "num_prompts": 1,
    "accuracy": 0.0,
    "correct": 0,
    "total": 1
  },
  "vanilla_llada": {
    "total_time": 20.47556161880493,
    "total_tokens": 256,
    "throughput": 12.502709560107371,
    "avg_latency": 20.47556161880493,
    "num_prompts": 1,
    "accuracy": 0.0,
    "correct": 0,
    "total": 1
  },
  "comparison": {
    "throughput_speedup": 1.3001438851012002,
    "time_speedup": 1.3001438851012,
    "accuracy_diff": 0.0
  }
}