{
  "blockinfer": {
    "total_time": 15.845117092132568,
    "total_tokens": 256,
    "throughput": 16.1563968578755,
    "avg_latency": 15.845117092132568,
    "num_prompts": 1,
    "accuracy": 0.0,
    "correct": 0,
    "total": 1
  },
  "vanilla_llada": {
    "total_time": 20.498858213424683,
    "total_tokens": 256,
    "throughput": 12.488500448885775,
    "avg_latency": 20.498858213424683,
    "num_prompts": 1,
    "accuracy": 0.0,
    "correct": 0,
    "total": 1
  },
  "comparison": {
    "throughput_speedup": 1.2937019079273824,
    "time_speedup": 1.2937019079273826,
    "accuracy_diff": 0.0
  }
}