{
  "blockinfer": {
    "total_time": 16.134528398513794,
    "total_tokens": 256,
    "throughput": 15.86659328843978,
    "avg_latency": 16.134528398513794,
    "num_prompts": 1,
    "accuracy": 0.0,
    "correct": 0,
    "total": 1
  },
  "vanilla_llada": {
    "total_time": 21.00256085395813,
    "total_tokens": 256,
    "throughput": 12.188989798915612,
    "avg_latency": 21.00256085395813,
    "num_prompts": 1,
    "accuracy": 0.0,
    "correct": 0,
    "total": 1
  },
  "comparison": {
    "throughput_speedup": 1.3017151995525786,
    "time_speedup": 1.3017151995525786,
    "accuracy_diff": 0.0
  }
}