{
  "blockinfer": {
    "total_time": 17.131709098815918,
    "total_tokens": 256,
    "throughput": 14.943050837682843,
    "avg_latency": 17.131709098815918,
    "num_prompts": 1,
    "accuracy": 0.0,
    "correct": 0,
    "total": 1
  },
  "vanilla_llada": {
    "total_time": 21.253638744354248,
    "total_tokens": 256,
    "throughput": 12.04499629824578,
    "avg_latency": 21.253638744354248,
    "num_prompts": 1,
    "accuracy": 0.0,
    "correct": 0,
    "total": 1
  },
  "comparison": {
    "throughput_speedup": 1.2406023603227785,
    "time_speedup": 1.2406023603227785,
    "accuracy_diff": 0.0
  }
}