{
  "blockinfer": {
    "total_time": 15.683465242385864,
    "total_tokens": 256,
    "throughput": 16.322923285355255,
    "avg_latency": 15.683465242385864,
    "num_prompts": 1,
    "accuracy": 0.0,
    "correct": 0,
    "total": 1
  },
  "vanilla_llada": {
    "total_time": 20.602948904037476,
    "total_tokens": 256,
    "throughput": 12.425405760717716,
    "avg_latency": 20.602948904037476,
    "num_prompts": 1,
    "accuracy": 0.0,
    "correct": 0,
    "total": 1
  },
  "comparison": {
    "throughput_speedup": 1.313673259424601,
    "time_speedup": 1.3136732594246008,
    "accuracy_diff": 0.0
  }
}