{
  "blockinfer": {
    "total_time": 17.569390296936035,
    "total_tokens": 256,
    "throughput": 14.570795894075186,
    "avg_latency": 17.569390296936035,
    "num_prompts": 1,
    "accuracy": 100.0,
    "correct": 1,
    "total": 1
  },
  "vanilla_llada": {
    "total_time": 21.786638736724854,
    "total_tokens": 256,
    "throughput": 11.750321061158974,
    "avg_latency": 21.786638736724854,
    "num_prompts": 1,
    "accuracy": 100.0,
    "correct": 1,
    "total": 1
  },
  "comparison": {
    "throughput_speedup": 1.24003385254207,
    "time_speedup": 1.24003385254207,
    "accuracy_diff": 0.0
  }
}