{
  "blockinfer": {
    "total_time": 17.556291103363037,
    "total_tokens": 256,
    "throughput": 14.581667534036349,
    "avg_latency": 17.556291103363037,
    "num_prompts": 1,
    "accuracy": 100.0,
    "correct": 1,
    "total": 1
  },
  "vanilla_llada": {
    "total_time": 21.735835313796997,
    "total_tokens": 256,
    "throughput": 11.777785224453828,
    "avg_latency": 21.735835313796997,
    "num_prompts": 1,
    "accuracy": 100.0,
    "correct": 1,
    "total": 1
  },
  "comparison": {
    "throughput_speedup": 1.2380653285951346,
    "time_speedup": 1.2380653285951346,
    "accuracy_diff": 0.0
  }
}