{
  "blockinfer": {
    "total_time": 15.818529844284058,
    "total_tokens": 256,
    "throughput": 16.183551981128275,
    "avg_latency": 15.818529844284058,
    "num_prompts": 1,
    "accuracy": 0.0,
    "correct": 0,
    "total": 1
  },
  "vanilla_llada": {
    "total_time": 20.8360538482666,
    "total_tokens": 256,
    "throughput": 12.286395584512142,
    "avg_latency": 20.8360538482666,
    "num_prompts": 1,
    "accuracy": 0.0,
    "correct": 0,
    "total": 1
  },
  "comparison": {
    "throughput_speedup": 1.3171928145898844,
    "time_speedup": 1.3171928145898844,
    "accuracy_diff": 0.0
  }
}