{
  "blockinfer": {
    "total_time": 17.2640643119812,
    "total_tokens": 256,
    "throughput": 14.828489709826723,
    "avg_latency": 17.2640643119812,
    "num_prompts": 1,
    "accuracy": 100.0,
    "correct": 1,
    "total": 1
  },
  "vanilla_llada": {
    "total_time": 21.409425497055054,
    "total_tokens": 256,
    "throughput": 11.957350281781908,
    "avg_latency": 21.409425497055054,
    "num_prompts": 1,
    "accuracy": 100.0,
    "correct": 1,
    "total": 1
  },
  "comparison": {
    "throughput_speedup": 1.24011502217337,
    "time_speedup": 1.24011502217337,
    "accuracy_diff": 0.0
  }
}